3100984-2, bXkgahXBi7uvyDf9P5HZSAtKcmvwrKuMbJ9AJWNEwW5f7hykK, 0x5e4930b9157be9288d46d201e30e230e44c6749b07f3493c89f46bbacd9d291f, 3100984, 1000.0, 2023-04-05 23:39:37, balances, transfer_keep_alive
3093987-2, bXjugdRFCKw9SbkFBB9eYECcy5Qej5Wn2sZEMTCBawV3nVkUX, 0xd43594857f662d96cdf1710a5de71c579928a28e25ded68cb47ea0634e3d399b, 3093987, 700.0, 2023-04-04 22:30:12, balances, transfer_keep_alive
3093983-2, bXhFMGQnc8EkJQc7J3oE8ksDjZcA5Y5sjksE9DgLBu5THH96K, 0xbe7bb78ec412841561fa32e81091a2335dfb8618865ac2816582f968cffff7c6, 3093983, 700.0, 2023-04-04 22:29:18, balances, transfer_keep_alive
3089019-2, bXie3KQvQPp7QsmBb7QUzHfzgGZg6iVgAfLSpqW1NyaqzKByy, 0x1984b325ae14da59d918f129b2ea7f290ba0fe0367157e155487797b1cb10866, 3089019, 1005000.0, 2023-04-04 04:31:30, balances, transfer_keep_alive
3088990-2, bXie3KQvQPp7QsmBb7QUzHfzgGZg6iVgAfLSpqW1NyaqzKByy, 0x426f371c366d9d9d44bf67a2f08d018543be659a531625b28f04dfbe85c4d977, 3088990, 824000.0, 2023-04-04 04:24:24, balances, transfer_keep_alive
3088959-2, bXie3KQvQPp7QsmBb7QUzHfzgGZg6iVgAfLSpqW1NyaqzKByy, 0x23dd946e5ff55dbc9089bb361591a5f5b9d6788852dc617a90b6b68304374f1c, 3088959, 1013000.0, 2023-04-04 04:17:36, balances, transfer_keep_alive
3088944-2, bXie3KQvQPp7QsmBb7QUzHfzgGZg6iVgAfLSpqW1NyaqzKByy, 0x90287b08206679e59ec8fe498219aaf3681970ac587266244166f70a15f5a254, 3088944, 896000.0, 2023-04-04 04:14:00, balances, transfer_keep_alive
3088842-2, bXkAnfuZCFgUmYGbiBx3sy7B3upW9qfY2tMCgGS78xL1W84K8, 0x993ec9ef0077c10f4e0f47d1a1d42be9e2fe8507c1ee8b9159680b9b1d34579d, 3088842, 6000000.0, 2023-04-04 03:52:06, balances, transfer_keep_alive
3088187-2, bXie3KQvQPp7QsmBb7QUzHfzgGZg6iVgAfLSpqW1NyaqzKByy, 0xf08c31e4791004320c591e936b573ccb250fd7638b89455b058375ec5feef639, 3088187, 1004000.0, 2023-04-04 01:29:49, balances, transfer_keep_alive
3087629-2, bXhFPVfzGdpTyUYbRepynKDK9pj9zpYbtNuFYwREGuQbZcTva, 0x1d28903525c9a553f9cc03238ddf76219204b5a580e14a10d33dc87a3d4d551d, 3087629, 22000.0, 2023-04-03 23:28:54, balances, transfer_keep_alive
3084037-2, bXidt9FsvgKT9r33JSKFrxGDQVgLBTiPZR9yj2CUu6a5m5DrN, 0x0b42cead9a5b6162ceb70ac69505fa66b30e1c7090b3b523204eb7f50db3ddb3, 3084037, 933000.0, 2023-04-03 10:35:00, balances, transfer_keep_alive
3081936-2, bXjjduMhrzFsMrdaCwgv2VHGBj7cxsJj7dfW4rcTW9CthzrPR, 0x096682f59485eb32fcb55b999f98ae19447f2a4f266aef649d4110dcfabe79f9, 3081936, 161080491.9099, 2023-04-03 03:00:30, balances, transfer_keep_alive
3081904-2, bXjjduMhrzFsMrdaCwgv2VHGBj7cxsJj7dfW4rcTW9CthzrPR, 0x8afa73e40a2f1a86d9040c81dc7d3ac257d8f8cc5131637954ffc3108af70939, 3081904, 10000.0, 2023-04-03 02:53:42, balances, transfer_keep_alive
3081691-2, bXjjduMhrzFsMrdaCwgv2VHGBj7cxsJj7dfW4rcTW9CthzrPR, 0xe96e0adc25d2974027e301df3a24ac9003241d604c12e0981221030b065a5a1d, 3081691, 10000.0, 2023-04-03 02:06:49, balances, transfer_keep_alive
3081191-2, bXie3KQvQPp7QsmBb7QUzHfzgGZg6iVgAfLSpqW1NyaqzKByy, 0xa654e4138695a267827b50d5bcab54d2bfb5fd175260db328c712ce0001d1c09, 3081191, 454000.0, 2023-04-03 00:19:06, balances, transfer_keep_alive
3080860-2, bXie3KQvQPp7QsmBb7QUzHfzgGZg6iVgAfLSpqW1NyaqzKByy, 0x4337a4ce5b20630737fb0166b3ee1a489ff10cde86ec7b6f5ab383fbc6b57dc4, 3080860, 1015000.0, 2023-04-02 23:08:24, balances, transfer_keep_alive
3080834-2, bXie3KQvQPp7QsmBb7QUzHfzgGZg6iVgAfLSpqW1NyaqzKByy, 0x730e87e40cd5741ed2a6fca177977ccf93b31b767c77720ff7f1d99f506733c3, 3080834, 508000.0, 2023-04-02 23:03:06, balances, transfer_keep_alive
3080251-2, bXie3KQvQPp7QsmBb7QUzHfzgGZg6iVgAfLSpqW1NyaqzKByy, 0xee5f911bf4aa86e21401fc42a8673f004c19c2961bf6290f8b7622e992bdcdc0, 3080251, 1013000.0, 2023-04-02 20:57:54, balances, transfer_keep_alive
3079719-2, bXie3KQvQPp7QsmBb7QUzHfzgGZg6iVgAfLSpqW1NyaqzKByy, 0x23390b2e7997188e506cb9957a265918041edc5d2355ce41e4f4cbe5f6992bf8, 3079719, 1006000.0, 2023-04-02 19:02:42, balances, transfer_keep_alive
3078186-2, bXie3KQvQPp7QsmBb7QUzHfzgGZg6iVgAfLSpqW1NyaqzKByy, 0x81f67ab485a3b4f7e544a3de4068899b13e4b815edaa9cf33c57a921cff7ad50, 3078186, 1005000.0, 2023-04-02 13:30:18, balances, transfer_keep_alive
3078126-2, bXie3KQvQPp7QsmBb7QUzHfzgGZg6iVgAfLSpqW1NyaqzKByy, 0x52e35ebe468b8e9f6678693c90a4c2b459763f4efe4f51d0d6abb9db7c44df61, 3078126, 1010000.0, 2023-04-02 13:16:48, balances, transfer_keep_alive
3078031-2, bXie3KQvQPp7QsmBb7QUzHfzgGZg6iVgAfLSpqW1NyaqzKByy, 0x25ef6bc00f2dbdb464f9bb1dfc4a3b89204135dd0f99c64b42d43c21c4ff9d4b, 3078031, 965000.0, 2023-04-02 12:57:00, balances, transfer_keep_alive
3075471-2, bXie3KQvQPp7QsmBb7QUzHfzgGZg6iVgAfLSpqW1NyaqzKByy, 0xa954e151be2e1d7b46d280b052c5730caf840f0d1958cee59baace44192dff12, 3075471, 1020000.0, 2023-04-02 03:46:42, balances, transfer_keep_alive
3072974-2, bXie3KQvQPp7QsmBb7QUzHfzgGZg6iVgAfLSpqW1NyaqzKByy, 0x606fcd3dcb47adbfdcc26b667fff82c0f0a706f5e7e31e6cdfa3eb8661d50241, 3072974, 504000.0, 2023-04-01 18:57:29, balances, transfer_keep_alive
3072870-2, bXhnec2Wat1Xb2ahTGnvp1DCaKVNNqSzmtRM3Awph3cKwcNrk, 0x6e10501552e78b524a035e2317b4b2057586a9e8b907e7efd7c9ceda3f551cf2, 3072870, 1439000.0, 2023-04-01 18:35:06, balances, transfer_keep_alive
3072486-2, bXie3KQvQPp7QsmBb7QUzHfzgGZg6iVgAfLSpqW1NyaqzKByy, 0xaa26112d8f9899eaaf27410181697201913adbdc8098e927cb9f2e461fc35ef8, 3072486, 1610000.0, 2023-04-01 17:11:00, balances, transfer_keep_alive
3071782-2, bXie3KQvQPp7QsmBb7QUzHfzgGZg6iVgAfLSpqW1NyaqzKByy, 0xc6b9254890d9cf20dcea540fd8f3ca98755b71e6acd9c27ac5c216526c656813, 3071782, 1006000.0, 2023-04-01 14:38:24, balances, transfer_keep_alive
3071356-2, bXie3KQvQPp7QsmBb7QUzHfzgGZg6iVgAfLSpqW1NyaqzKByy, 0x9e6bdc8c5e3668c5966c791c236d3a65eec1dd3ec6ed8920ceee44c7fdc77b83, 3071356, 1985000.0, 2023-04-01 13:05:06, balances, transfer_keep_alive
3070327-2, bXie3KQvQPp7QsmBb7QUzHfzgGZg6iVgAfLSpqW1NyaqzKByy, 0xc076c8dc12826322597db36ba822acaa62d3e6f045085ab2bfa99c92de15524b, 3070327, 1503000.0, 2023-04-01 09:26:06, balances, transfer_keep_alive
3070299-2, bXie3KQvQPp7QsmBb7QUzHfzgGZg6iVgAfLSpqW1NyaqzKByy, 0x76b80475cd23a190a94ecc743d333559eb085ca14c30f05e1b5a776e5c2f03dd, 3070299, 1011000.0, 2023-04-01 09:19:48, balances, transfer_keep_alive
3068907-2, bXghShxMZAU5wW57Vw9XnaGzd7P43vMgiQM9MU3Rj9PiDPQxJ, 0x75312157e015427d0def47fc76efa4996f2713765b499dc78524018b459d06ae, 3068907, 974.0, 2023-04-01 04:16:12, balances, transfer_keep_alive
3068885-2, bXie3KQvQPp7QsmBb7QUzHfzgGZg6iVgAfLSpqW1NyaqzKByy, 0x89d4fd6579160f118d9b76bc2cb47fceddc8c52c2b911ea4961c04e3cae39f49, 3068885, 1523000.0, 2023-04-01 04:11:24, balances, transfer_keep_alive
3068853-2, bXie3KQvQPp7QsmBb7QUzHfzgGZg6iVgAfLSpqW1NyaqzKByy, 0x520b2b05947e801976dd803ba3eabd671ebeb027573577fd61eb8b0c165274fe, 3068853, 1025000.0, 2023-04-01 04:04:36, balances, transfer_keep_alive
3068805-2, bXjjduMhrzFsMrdaCwgv2VHGBj7cxsJj7dfW4rcTW9CthzrPR, 0x27420912a7664ab413797b6636311376cf63a30f7d61aed739e30866877d41a2, 3068805, 20.0, 2023-04-01 03:53:54, balances, transfer_keep_alive
3068752-2, bXie3KQvQPp7QsmBb7QUzHfzgGZg6iVgAfLSpqW1NyaqzKByy, 0x3047537d795a330d9c16ca1f5c0e37a988b29609a884b376800da89fcc90f25d, 3068752, 907000.0, 2023-04-01 03:42:36, balances, transfer_keep_alive
3068724-2, bXie3KQvQPp7QsmBb7QUzHfzgGZg6iVgAfLSpqW1NyaqzKByy, 0xdd881249c9aed44cd5e65dc35ac2c13fe28426a5875ef94f0ea1653a283895fa, 3068724, 1520000.0, 2023-04-01 03:36:36, balances, transfer_keep_alive
3068659-2, bXie3KQvQPp7QsmBb7QUzHfzgGZg6iVgAfLSpqW1NyaqzKByy, 0x7fe5ba2027390c68d40aebd32c798f27bbe9b03bee551bab74b2335055f4be2a, 3068659, 900000.0, 2023-04-01 03:23:00, balances, transfer_keep_alive
3068628-2, bXie3KQvQPp7QsmBb7QUzHfzgGZg6iVgAfLSpqW1NyaqzKByy, 0x1b25c7622a7d13a18950792168b1b2ef5c0357ee99dc94c0602ab0680c4c1abf, 3068628, 1006000.0, 2023-04-01 03:16:30, balances, transfer_keep_alive
3068591-2, bXie3KQvQPp7QsmBb7QUzHfzgGZg6iVgAfLSpqW1NyaqzKByy, 0x375cf80f74b62ed790a3ae86499d8b204a87c6533dd9767dc60f113b6c86a86e, 3068591, 1006000.0, 2023-04-01 03:08:48, balances, transfer_keep_alive
3068544-2, bXie3KQvQPp7QsmBb7QUzHfzgGZg6iVgAfLSpqW1NyaqzKByy, 0x5ccd15f04fd4a35ad1022004ef1cbf4c8e870901954aa01fc86920d9b9f0fa3f, 3068544, 1210000.0, 2023-04-01 02:58:54, balances, transfer_keep_alive
3068506-2, bXie3KQvQPp7QsmBb7QUzHfzgGZg6iVgAfLSpqW1NyaqzKByy, 0x58a823cfaab14d9b4d135b313a6e653f1ae61b4a15f1b25e166f86c8c2744e3f, 3068506, 1008000.0, 2023-04-01 02:50:42, balances, transfer_keep_alive
3068464-2, bXie3KQvQPp7QsmBb7QUzHfzgGZg6iVgAfLSpqW1NyaqzKByy, 0x5cd09a460275a36ef62089123db5fde67762bed3694632900f957b56472a14f5, 3068464, 1500000.0, 2023-04-01 02:42:06, balances, transfer_keep_alive
3068430-2, bXie3KQvQPp7QsmBb7QUzHfzgGZg6iVgAfLSpqW1NyaqzKByy, 0x1f4eb89e5b5716bcfad02126c5118c7f18c66f78a128963991e189b49ba120d1, 3068430, 1990000.0, 2023-04-01 02:34:54, balances, transfer_keep_alive
3068396-2, bXie3KQvQPp7QsmBb7QUzHfzgGZg6iVgAfLSpqW1NyaqzKByy, 0x11953e76fc2b2b34111e018f93f3313ffafc787594244e0f4999c09a74bc33b6, 3068396, 2000000.0, 2023-04-01 02:27:36, balances, transfer_keep_alive
3068371-2, bXie3KQvQPp7QsmBb7QUzHfzgGZg6iVgAfLSpqW1NyaqzKByy, 0xc47727f19b72c198412e7d1a7bc2282afbb209844b05652c78e2512a0c99f580, 3068371, 1800000.0, 2023-04-01 02:21:53, balances, transfer_keep_alive
3055079-2, bXnA4mPnqgyN9msyVxhEKPWWQshPUJkDuxerbsi2rZdhQdDnP, 0x1ab94c01a3cae84cf9fab520c453c2301ae2f2412ea4eb89a9e18b6864a15237, 3055079, 100.0, 2023-03-30 02:36:54, balances, transfer_keep_alive
3053937-2, bXidt9FsvgKT9r33JSKFrxGDQVgLBTiPZR9yj2CUu6a5m5DrN, 0x4bba03c2462cec8a5c8ddd317bc57f16026158c7fa702fcde4988afc6f4e1de7, 3053937, 1145000.0, 2023-03-29 22:29:29, balances, transfer_keep_alive
3053016-2, bXm8d4XnbndW7VgXcbXVrVX6HVYYdP4ZJr5jUfauacsyefTfN, 0xdc7014685a82c68d4c57e1cfcadcae89592857b6a255374523c3f7e6e36b6a68, 3053016, 100.0, 2023-03-29 19:12:42, balances, transfer_keep_alive
3052947-2, bXjwxg5KUV21SbVSuK3SwbLpJGMFAWc6bHKPoidP4Gu1s3cSp, 0xda9860909d284c75733b5769ad514a5b93dc084a220eeebd3e8f1861387eaeaa, 3052947, 200.0, 2023-03-29 18:58:12, balances, transfer_keep_alive
3048783-2, bXigLQjdKsBmHCkGzMtv4fYHC5kwihLn3iV6KykXcr2Ve87nH, 0x49f40d4308e8ef93e942c77080b9cd29eeb451af457fcc25d8ace71dedb6c319, 3048783, 751100.0, 2023-03-29 04:09:30, balances, transfer_keep_alive
3048528-2, bXie3KQvQPp7QsmBb7QUzHfzgGZg6iVgAfLSpqW1NyaqzKByy, 0x7f374957762bdd8c9962d3a4708df0d8d8dc1a19d6859ed8e5e508dd6d772bf4, 3048528, 1510000.0, 2023-03-29 03:15:24, balances, transfer_keep_alive
3048097-2, bXhN9Vfwb2RQ1dJ1EPjo6hXiDcknpqxQpWoqEMVorQEAra3kB, 0x3525921d07f4d7ecc7015a1799717cd45b7e81b869ad7835d4a1590310b0ec60, 3048097, 35000000.0, 2023-03-29 01:42:24, balances, transfer_keep_alive
3047307-2, bXj8XE2gmAzCjnUDKfAPmDsgkbavyTPrunyVre4sV19gux4UD, 0x780ded244247eb9ebfc4a64efa88e82b05a7f595299dabb665ab07fcf0b1d533, 3047307, 19000.0, 2023-03-28 22:52:30, balances, transfer_keep_alive
3047299-2, bXj8XE2gmAzCjnUDKfAPmDsgkbavyTPrunyVre4sV19gux4UD, 0x8cb53f625febfe388d1386b6baa7901730aa6fa28c3ece8206483ed4b8697215, 3047299, 1000.0, 2023-03-28 22:50:54, balances, transfer_keep_alive
3045226-2, bXie3KQvQPp7QsmBb7QUzHfzgGZg6iVgAfLSpqW1NyaqzKByy, 0xd7d6dad3bde7721e68560bc0fab7b3ddde0424c4b35354416439862df8c6c9ac, 3045226, 1800000.0, 2023-03-28 15:26:54, balances, transfer_keep_alive
3045176-2, bXie3KQvQPp7QsmBb7QUzHfzgGZg6iVgAfLSpqW1NyaqzKByy, 0x5a12770b5cc2057a3ef6cf19191d70e8b3c42bd30da38c210ee55752232968ea, 3045176, 1012000.0, 2023-03-28 15:16:30, balances, transfer_keep_alive
3045162-2, bXiEPMvDLi9k7B5pqaYfvef6XJMzFcCdgrgPKtN2ek5uVe8b3, 0x762199bdb9148aabf8638e8d48c1b09ab5aad271d53737d609c301cd85179b06, 3045162, 6724.0, 2023-03-28 15:13:36, balances, transfer_keep_alive
3045160-2, bXkdNA9EEev5rGc882uXgdBKfWmgYZQXbXtXf1Ny7JSSLw3vz, 0x5462b0082edc0c570af6cdf42eb4e9275c2a09c08b4a4887bd65be5393712101, 3045160, 6724.0, 2023-03-28 15:13:12, balances, transfer_keep_alive
3045155-2, bXghrt8UW6ZbumphSh8UkiLtvDgJBrpqExAnnHLXZbuoTynNh, 0xff144cc10e04f5d5e5239471c00c06e2540086c459ed21cf209baf6282509fd8, 3045155, 6723.9493, 2023-03-28 15:12:12, balances, transfer_keep_alive
3045150-2, bXkQU7CsdA6XnWqg1fAuyG4XaUanMeuTGPqAV4oSsHAyHEsKE, 0x668d269202dd398930f2b19e04ab653355b1a296f6f9163558c35bc33122b7df, 3045150, 6712.0, 2023-03-28 15:11:12, balances, transfer_keep_alive
3045142-2, bXmoJBZnyFSw94fRH3aj4FHyBA6o4UM5YxAsVrs4fnFywQRK6, 0xc05d89bd09b0df129bd1ee1af8a9a9a8ee0b80d0b40ee629666f9cf7958e93bd, 3045142, 303710.0, 2023-03-28 15:09:36, balances, transfer_keep_alive
3041260-2, bXie3KQvQPp7QsmBb7QUzHfzgGZg6iVgAfLSpqW1NyaqzKByy, 0x2ed61fa2bdeb72bc79a68a08772088a7b93056d1a34bca89362e1a074536cfb8, 3041260, 1007000.0, 2023-03-28 01:24:36, balances, transfer_keep_alive
3041218-2, bXie3KQvQPp7QsmBb7QUzHfzgGZg6iVgAfLSpqW1NyaqzKByy, 0x88c4738442e9d248f6a5ab5d3646319a00e3c68fd064244615dc7ed6fc4d0f15, 3041218, 1016000.0, 2023-03-28 01:14:54, balances, transfer_keep_alive
3040904-2, bXie3KQvQPp7QsmBb7QUzHfzgGZg6iVgAfLSpqW1NyaqzKByy, 0xe34265f1b2a695dc86cfb421bfdf9f82f60a24292c24fa66dd48b95708fa0ba3, 3040904, 1013000.0, 2023-03-28 00:08:01, balances, transfer_keep_alive
3040735-2, bXie3KQvQPp7QsmBb7QUzHfzgGZg6iVgAfLSpqW1NyaqzKByy, 0xc75dbff8591bfaae02646ff3fff0089cbfd95503c00f9c625bae5864d6d35b4a, 3040735, 1011000.0, 2023-03-27 23:31:48, balances, transfer_keep_alive
3040717-2, bXie3KQvQPp7QsmBb7QUzHfzgGZg6iVgAfLSpqW1NyaqzKByy, 0x14bf5feba455fdf148c38a018694f46fb636078f2cd17af9c756ce1de13c5e21, 3040717, 200000.0, 2023-03-27 23:27:55, balances, transfer_keep_alive
3040686-2, bXie3KQvQPp7QsmBb7QUzHfzgGZg6iVgAfLSpqW1NyaqzKByy, 0x599d75d6b33ae15d8ed7fcc5ebe3fe9271a2285cd331bf7fa21184328888ca81, 3040686, 1330000.0, 2023-03-27 23:21:06, balances, transfer_keep_alive
3040626-2, bXie3KQvQPp7QsmBb7QUzHfzgGZg6iVgAfLSpqW1NyaqzKByy, 0x3fb195cf2cb3d4a85092fdefb59815636abda2d16b2ba5a1ae52929c530cdd67, 3040626, 1635000.0, 2023-03-27 23:09:06, balances, transfer_keep_alive
3039877-2, bXj3PP5LSbdr6dcMqFM5F3HpmhrbPRrDoLpodvHdujDH7q91k, 0xc811708e04c30e6ac450d6ec9a780678d75fe4ff68e9b66672edff15e0a376fe, 3039877, 134926.0, 2023-03-27 20:27:55, balances, transfer_keep_alive
3039821-2, bXjW6yQNhPuTytgcgHGZWgQw5M9bBrUxs8Q7ubUnuPr7KNJU4, 0xf6e60980a235c329e339fff8f7dec23247d5d09ba4c5c306ad7e41f0bf5595de, 3039821, 134973.0, 2023-03-27 20:15:54, balances, transfer_keep_alive
3039776-2, bXj3PP5LSbdr6dcMqFM5F3HpmhrbPRrDoLpodvHdujDH7q91k, 0x996830b7f11420a03ad635145b2f6b541cc09682f1515c83370da6f9747a9ef0, 3039776, 216229.0, 2023-03-27 20:06:54, balances, transfer_keep_alive
3039581-2, bXie3KQvQPp7QsmBb7QUzHfzgGZg6iVgAfLSpqW1NyaqzKByy, 0x130abb5962e7872f682e7668375b8fd1290fdc0f62433d7a5793d3fbdebdba19, 3039581, 1020000.0, 2023-03-27 19:25:29, balances, transfer_keep_alive
3039530-2, bXie3KQvQPp7QsmBb7QUzHfzgGZg6iVgAfLSpqW1NyaqzKByy, 0x398bf6cdb7193fd377d5223ae90f8cd3573c75e8fe63b2fe8acfac2d342a90b1, 3039530, 1525000.0, 2023-03-27 19:14:06, balances, transfer_keep_alive
3039052-2, bXie3KQvQPp7QsmBb7QUzHfzgGZg6iVgAfLSpqW1NyaqzKByy, 0xbfaee8f88ff56f3f9752840df7e4416f31ca18ad260475877afcf45318ed979c, 3039052, 1010000.0, 2023-03-27 17:33:42, balances, transfer_keep_alive
3038044-2, bXie3KQvQPp7QsmBb7QUzHfzgGZg6iVgAfLSpqW1NyaqzKByy, 0xea97149a05db88dd489de9bbca6b0e763dfd3fe1ce0e6e38b469447bca94e481, 3038044, 1000000.0, 2023-03-27 14:01:29, balances, transfer_keep_alive
3037947-2, bXie3KQvQPp7QsmBb7QUzHfzgGZg6iVgAfLSpqW1NyaqzKByy, 0xdf9319ffefa038b58db1cf610c5f496799bee4a151c05c5fd2e59ca03d5925f3, 3037947, 1007000.0, 2023-03-27 13:40:24, balances, transfer_keep_alive
3037518-2, bXie3KQvQPp7QsmBb7QUzHfzgGZg6iVgAfLSpqW1NyaqzKByy, 0xf3156c5cee0c034cb5879186c7e43606566e49d4e885049c1a2a0dee2af613ca, 3037518, 1000000.0, 2023-03-27 12:08:30, balances, transfer_keep_alive
3037479-2, bXie3KQvQPp7QsmBb7QUzHfzgGZg6iVgAfLSpqW1NyaqzKByy, 0xc3666f512d6502c0d2f455c5c75b12631992c215db85a3279fa1e5c3a0da09ce, 3037479, 1506000.0, 2023-03-27 12:00:18, balances, transfer_keep_alive
3037424-2, bXie3KQvQPp7QsmBb7QUzHfzgGZg6iVgAfLSpqW1NyaqzKByy, 0xa4838eeb8ca747728c2fea6dace393ba7111dab582e6794393d02b3417b35daf, 3037424, 1509000.0, 2023-03-27 11:49:00, balances, transfer_keep_alive
3032156-2, bXipvjzDcA7JcuEAT3L2QedPPwX2N2TAXB3wYzHWN6Fr4CWF1, 0x3f2156d1729758f19d6a1b4eadf1ec5954434cb991804bd57a4cd82e24b7aae5, 3032156, 500.0, 2023-03-26 17:03:00, balances, transfer_keep_alive
3028422-2, bXie3KQvQPp7QsmBb7QUzHfzgGZg6iVgAfLSpqW1NyaqzKByy, 0x29a5598d202f987477d32dcb17b9ae62d00020b48264df5988a2eaf7befd00cd, 3028422, 1000000.0, 2023-03-26 03:52:06, balances, transfer_keep_alive
3028421-2, bXhnec2Wat1Xb2ahTGnvp1DCaKVNNqSzmtRM3Awph3cKwcNrk, 0x4515b4c588fa19e0795661a5d7e32c32c6e5389b94fafb35c30de68b44ad8912, 3028421, 1050000.0, 2023-03-26 03:51:54, balances, transfer_keep_alive
3028295-2, bXie3KQvQPp7QsmBb7QUzHfzgGZg6iVgAfLSpqW1NyaqzKByy, 0x6ac6ee7b005a7df388a9b25a1d81f59f20325e1c3a65168ee40af6465f4550b9, 3028295, 970000.0, 2023-03-26 03:24:54, balances, transfer_keep_alive
3028248-2, bXie3KQvQPp7QsmBb7QUzHfzgGZg6iVgAfLSpqW1NyaqzKByy, 0xded5c9ee2732e4b28ae5caa27a5f36239d7026333dd1345328acfc3e7d3a9d88, 3028248, 1035000.0, 2023-03-26 03:13:48, balances, transfer_keep_alive
3020680-2, bXie3KQvQPp7QsmBb7QUzHfzgGZg6iVgAfLSpqW1NyaqzKByy, 0x112d3462da9030bbc3f2ec94948945f0af979a474d7fe09f835a61f043eed5ec, 3020680, 1250000.0, 2023-03-25 00:24:48, balances, transfer_keep_alive
3019879-2, bXkKMMndmGVHshuEDsgzpzeYtk4qGoqdkkf8znB2m77vM3QmJ, 0x6e5f30ff685e69a7be34cefc1ba4ec9418c1d06474b0aacd27c0b0325670ecfb, 3019879, 2.0, 2023-03-24 21:37:54, balances, transfer_keep_alive
3019081-2, bXmAkKeYevEFjmxKsC9Q8wgiFCNsHrRvAYMwDsteSErtEUpth, 0x45c1b6bef9b55f6ae8dcd04f6d7d86e0a301c0fd0805622b4a01ca833f63cfed, 3019081, 6.1, 2023-03-24 18:51:42, balances, transfer_keep_alive
3019076-2, bXmAkKeYevEFjmxKsC9Q8wgiFCNsHrRvAYMwDsteSErtEUpth, 0x9d690ab1007ccaa7329ffc2d7dc4837f57b8ab7addb64dbb587118e809fd336f, 3019076, 32130000.0, 2023-03-24 18:50:42, balances, transfer_keep_alive
3019038-2, bXie3KQvQPp7QsmBb7QUzHfzgGZg6iVgAfLSpqW1NyaqzKByy, 0x45d74fbbd402f9eafd3c01a5dba0aaffbe3227d163d47eef59800c41ad2a5c94, 3019038, 1006000.0, 2023-03-24 18:42:42, balances, transfer_keep_alive
3018622-2, bXie3KQvQPp7QsmBb7QUzHfzgGZg6iVgAfLSpqW1NyaqzKByy, 0xf5a59a0a423ac1bb98e96168b4fbe5c65db00fab57be1dda70614bd44eede7b1, 3018622, 1010000.0, 2023-03-24 17:16:48, balances, transfer_keep_alive
3016534-2, bXidt9FsvgKT9r33JSKFrxGDQVgLBTiPZR9yj2CUu6a5m5DrN, 0x34cafe3494141ff7e6664b9387d47f14d3cc831dd3aeec923c41d91feeef7747, 3016534, 1078000.0, 2023-03-24 09:56:48, balances, transfer_keep_alive
3015423-2, bXh9BGrp5UsiAjE2anzFTEwLKeqUP2ESpzQ2q27gtM4BZUhZn, 0x503b329620ee84506e728f4e409a2cc513847fa14420142cd14c0b8a64f885d5, 3015423, 1.0, 2023-03-24 06:05:54, balances, transfer_keep_alive
3010936-2, bXiy5HdfGAtdAnAdDu2dwuckzXkeSZsDYEF1rSxUyueruNMD6, 0x9508a0e628164d79f575c91b35a70f505ec317020cef0d677a763d7b2e0a929b, 3010936, 430780.0, 2023-03-23 14:19:42, balances, transfer_keep_alive
3010887-2, bXiy5HdfGAtdAnAdDu2dwuckzXkeSZsDYEF1rSxUyueruNMD6, 0xd6ddc1aaf0608cc8b5d1c219ea488ab7244dfde36b0b0b3674a03195390319e1, 3010887, 10000.0, 2023-03-23 14:09:30, balances, transfer_keep_alive
3008027-2, bXie3KQvQPp7QsmBb7QUzHfzgGZg6iVgAfLSpqW1NyaqzKByy, 0xd15307f88e268e73f8857ef7149184634cd411564e045051547c669c03263881, 3008027, 1000000.0, 2023-03-23 04:04:48, balances, transfer_keep_alive
3007621-2, bXie3KQvQPp7QsmBb7QUzHfzgGZg6iVgAfLSpqW1NyaqzKByy, 0x205a85f79c72ec233d426e89f3409ebe285ad67b79266b8f3b42c76c53a224c5, 3007621, 1270000.0, 2023-03-23 02:39:42, balances, transfer_keep_alive
3007246-2, bXie3KQvQPp7QsmBb7QUzHfzgGZg6iVgAfLSpqW1NyaqzKByy, 0x3c7308d24f977d4cb5a2a25702b213bfcc73b731fac6c58e4ed803696956db24, 3007246, 880000.0, 2023-03-23 01:18:06, balances, transfer_keep_alive
3007053-2, bXie3KQvQPp7QsmBb7QUzHfzgGZg6iVgAfLSpqW1NyaqzKByy, 0xdb6294bacad8d9421d3e2813247bbfcb55ebbce6b53b334e5f54cb5dd8464471, 3007053, 1000000.0, 2023-03-23 00:36:36, balances, transfer_keep_alive
3006755-2, bXie3KQvQPp7QsmBb7QUzHfzgGZg6iVgAfLSpqW1NyaqzKByy, 0x0f0cc22ccccb74dc6215d3c64797826222d4e2a1791e0ead948e14427df980a6, 3006755, 1510000.0, 2023-03-22 23:34:06, balances, transfer_keep_alive
3001463-2, bXmkgVMnWfgVNC3iBoAY8hgm2R8s77XyNedmtEvz4pthmQmjE, 0xaf48b3b8d8ff60d624d05952a78c49577125a8ad4b643dc60cc30c8c5f5fa3c1, 3001463, 59440.0, 2023-03-22 04:48:12, balances, transfer_keep_alive
3001316-2, bXk3sFYnHFr2Svzhvnt8h47xWRNN1iREQSeqhxKbtXzvihRX7, 0xe3fdca1f0946aa9ebe7dd676c7485475a229139b8479ab940f9351521d9820be, 3001316, 417638.0, 2023-03-22 04:16:12, balances, transfer_keep_alive
3001197-2, bXk3sFYnHFr2Svzhvnt8h47xWRNN1iREQSeqhxKbtXzvihRX7, 0x2af897b3f9d1b50301b750dc51983b20b7d6898693a7034be84dff26d71d65bb, 3001197, 50000.0, 2023-03-22 03:50:12, balances, transfer_keep_alive
2997964-2, bXhnec2Wat1Xb2ahTGnvp1DCaKVNNqSzmtRM3Awph3cKwcNrk, 0x7a57b8f208580a5cf88a74ab4f7689759677e4304b2b7bc001f3a99b16cc34e3, 2997964, 2515000.0, 2023-03-21 16:24:00, balances, transfer_keep_alive
2997672-2, bXie3KQvQPp7QsmBb7QUzHfzgGZg6iVgAfLSpqW1NyaqzKByy, 0xd3102136be4e1de70138b7cf059c3c9f4c19e97282d3ae9e6269d0038fa3a7cc, 2997672, 1900000.0, 2023-03-21 15:23:06, balances, transfer_keep_alive
2997623-2, bXie3KQvQPp7QsmBb7QUzHfzgGZg6iVgAfLSpqW1NyaqzKByy, 0x9b87736afa8515c082d36b6eff13c3111aa93231a365ead61697ed7cadf7dbe0, 2997623, 1750000.0, 2023-03-21 15:12:42, balances, transfer_keep_alive
2994283-2, bXie3KQvQPp7QsmBb7QUzHfzgGZg6iVgAfLSpqW1NyaqzKByy, 0xfb56562eb19bd8304d3d7e9770c1bac7b7f86f0eab48e09988ca071ba9f0db67, 2994283, 1000000.0, 2023-03-21 03:27:06, balances, transfer_keep_alive
2992644-2, bXkSwtV68NCc11PzAabnNQzWdRiKEcFVk3uNALodfNJc3ZhhK, 0x99bbb41e73fa928ad339bf5507a117665c947b68622dbcf42e0a5babb01a71de, 2992644, 5055670.0, 2023-03-20 21:34:54, balances, transfer_keep_alive
2992628-2, bXie3KQvQPp7QsmBb7QUzHfzgGZg6iVgAfLSpqW1NyaqzKByy, 0x76498295cf08a8c4986c685bee598e3a42da2de39ef0cbcaf7a8f2dc134fe215, 2992628, 1007000.0, 2023-03-20 21:31:42, balances, transfer_keep_alive
2992602-2, bXkSwtV68NCc11PzAabnNQzWdRiKEcFVk3uNALodfNJc3ZhhK, 0x13f7a5b6b77f1cc79c737a3335ea0ec6a50bf6321310b9a8064bdb9b10ebe8a4, 2992602, 10.0, 2023-03-20 21:26:18, balances, transfer_keep_alive
2992525-2, bXie3KQvQPp7QsmBb7QUzHfzgGZg6iVgAfLSpqW1NyaqzKByy, 0xb86b968c115cf9afdd0830d4757519a1d9b70751ee81a547ebf98a08d5915a16, 2992525, 1015000.0, 2023-03-20 21:09:30, balances, transfer_keep_alive
2992329-2, bXie3KQvQPp7QsmBb7QUzHfzgGZg6iVgAfLSpqW1NyaqzKByy, 0x0af65a57f2d036b3a91124aa4f25d9d26ae3e3ffd8d207dadc26e8a3b209fb58, 2992329, 1500000.0, 2023-03-20 20:28:06, balances, transfer_keep_alive
2990521-2, bXie3KQvQPp7QsmBb7QUzHfzgGZg6iVgAfLSpqW1NyaqzKByy, 0x3f45553fc4d4856a59001bb27787fa5ffda6d1ae84f4921d11d7f8c0535133b4, 2990521, 1000000.0, 2023-03-20 14:01:29, balances, transfer_keep_alive
2990477-2, bXie3KQvQPp7QsmBb7QUzHfzgGZg6iVgAfLSpqW1NyaqzKByy, 0xd12b98d1de0750c1b46737ca93bce660183e8722452b942799c9ea41bc2d1aff, 2990477, 1515000.0, 2023-03-20 13:52:00, balances, transfer_keep_alive
2990399-2, bXie3KQvQPp7QsmBb7QUzHfzgGZg6iVgAfLSpqW1NyaqzKByy, 0x6ef1c3211f2a51f6bdfaaea3f58629e09aa9ebdcc001d9fff9d29eb717531131, 2990399, 990000.0, 2023-03-20 13:35:06, balances, transfer_keep_alive
2988244-2, bXie3KQvQPp7QsmBb7QUzHfzgGZg6iVgAfLSpqW1NyaqzKByy, 0x0263cf4f9e8a33e2a41d56710e5fa24fdcf4360e87c590b2e70af4b53680a096, 2988244, 1010000.0, 2023-03-20 06:01:18, balances, transfer_keep_alive
2988210-2, bXie3KQvQPp7QsmBb7QUzHfzgGZg6iVgAfLSpqW1NyaqzKByy, 0xbebdc29f1e122859005e56710e59c856ca7f4d87a3ca30997346c2eff15de53a, 2988210, 1015000.0, 2023-03-20 05:53:48, balances, transfer_keep_alive
2988037-2, bXhnec2Wat1Xb2ahTGnvp1DCaKVNNqSzmtRM3Awph3cKwcNrk, 0xf76233a14ca7d0dd829e7310ca703ff526ffc5bbd72baf61e43bfd26b508fa45, 2988037, 5178000.0, 2023-03-20 05:17:29, balances, transfer_keep_alive
2988023-2, bXie3KQvQPp7QsmBb7QUzHfzgGZg6iVgAfLSpqW1NyaqzKByy, 0x82e2e4da3b5a250dbbd65f7c7c64c0282c662cf8e7579de80c00a62b65773eb6, 2988023, 1300000.0, 2023-03-20 05:14:42, balances, transfer_keep_alive
2987975-2, bXie3KQvQPp7QsmBb7QUzHfzgGZg6iVgAfLSpqW1NyaqzKByy, 0x43a0a0c2c29c8901c6dcc4eb19a750367cfdb45fafc346809b47357539bbf9e9, 2987975, 1013000.0, 2023-03-20 05:04:30, balances, transfer_keep_alive
2987086-2, bXn5SQ4t7pzhVzavJQ6TrmXbtRT4wHwHE4pQU6VHjABGt9Ng2, 0xf932d7023ad8d327383eb2f50ba2d51f803325c5d5db15ce3c817d2bc25fb538, 2987086, 5000.0, 2023-03-20 01:56:24, balances, transfer_keep_alive
2987081-2, bXn5SQ4t7pzhVzavJQ6TrmXbtRT4wHwHE4pQU6VHjABGt9Ng2, 0x7ccb2beb74d167b73302d1b5d14aabfc176d13dd8735a602f43d7051604e65d7, 2987081, 5000.0, 2023-03-20 01:55:24, balances, transfer_keep_alive
2987079-2, bXn5SQ4t7pzhVzavJQ6TrmXbtRT4wHwHE4pQU6VHjABGt9Ng2, 0xfa53b65c768740593594360a9cef2ffaeef150801ee694f64fc18bda9273fdbc, 2987079, 5000.0, 2023-03-20 01:54:54, balances, transfer_keep_alive
2985915-2, bXie3KQvQPp7QsmBb7QUzHfzgGZg6iVgAfLSpqW1NyaqzKByy, 0xc86950f7b1f71f853661f8999f1769ac87758c3824b83799770c5bd4d2d6d76c, 2985915, 1000000.0, 2023-03-19 21:50:06, balances, transfer_keep_alive
2985798-2, bXie3KQvQPp7QsmBb7QUzHfzgGZg6iVgAfLSpqW1NyaqzKByy, 0xef8cb7c69fa57bc8866a129f83278d25be19efdf576aa04e3e71938b4933b3f6, 2985798, 1500000.0, 2023-03-19 21:25:54, balances, transfer_keep_alive
2985672-2, bXie3KQvQPp7QsmBb7QUzHfzgGZg6iVgAfLSpqW1NyaqzKByy, 0xa5d2c707323ffdf6a4d5e96b0acd9a102e86be0adf24668bad13f5dad61bb430, 2985672, 1000000.0, 2023-03-19 20:59:18, balances, transfer_keep_alive
2985513-2, bXie3KQvQPp7QsmBb7QUzHfzgGZg6iVgAfLSpqW1NyaqzKByy, 0x08c0258bbfe75bccc2e90e6bb41d4c2870ecd35522fdcc32ff5fac6cf6c98d2e, 2985513, 1005000.0, 2023-03-19 20:24:42, balances, transfer_keep_alive
2984295-2, bXie3KQvQPp7QsmBb7QUzHfzgGZg6iVgAfLSpqW1NyaqzKByy, 0x6221da4908c448c666c9a182d10264d7a0b6240fbac4143c5b66aad0e76849ae, 2984295, 1500000.0, 2023-03-19 16:07:18, balances, transfer_keep_alive
2983373-2, bXie3KQvQPp7QsmBb7QUzHfzgGZg6iVgAfLSpqW1NyaqzKByy, 0x7c572d9441b329e8eac6e58da878c688e982c9ad18b3abc66c53d5c6e9f84443, 2983373, 770000.0, 2023-03-19 12:54:24, balances, transfer_keep_alive
2981439-2, bXidt9FsvgKT9r33JSKFrxGDQVgLBTiPZR9yj2CUu6a5m5DrN, 0xd38955e7850a7840e049c8b8d69654ae33d64fa3a7dd1424712ddb84ff3c2d5f, 2981439, 759000.0, 2023-03-19 06:02:54, balances, transfer_keep_alive
2981397-2, bXhCScKqLpKsANdqztFiVvzCF6TPM6wPBSzkEBXoWdnpNXhby, 0xfcf306ffa2f85b826ca9e695615ccd4178fee60d9cd67596e8cd14afdb505aae, 2981397, 1944100.0, 2023-03-19 05:54:18, balances, transfer_keep_alive
2981239-2, bXie3KQvQPp7QsmBb7QUzHfzgGZg6iVgAfLSpqW1NyaqzKByy, 0xb57aa5fc7b03c5c00d11fa154a9181c0d2a86d67b27391a3795f6aaa224dba59, 2981239, 1010000.0, 2023-03-19 05:20:36, balances, transfer_keep_alive
2980950-2, bXjKhSfx5ZWHmNeex4fAMJum23y7LAFwKxcafRYHjHy16opVF, 0x861f88d9cb9b1b7b253c293ea203517e538ccd350f001ba1adf9774a614295f8, 2980950, 68479.0, 2023-03-19 04:19:54, balances, transfer_keep_alive
2980655-2, bXie3KQvQPp7QsmBb7QUzHfzgGZg6iVgAfLSpqW1NyaqzKByy, 0xf3ce38a86f8af46bd9faffd3dce3c69258278dee590a1169bdc2ac9352ac5a05, 2980655, 1020000.0, 2023-03-19 03:18:54, balances, transfer_keep_alive
2980004-2, bXmPpNAMtGxf8hnwFrrfk4Jfefoq2vAUQgap5BqdTzX4BmUr2, 0x5a3aa6224e8d5357691139be08c68709a5f568d42effa1f6eed7d3e8be264fa3, 2980004, 404986.0, 2023-03-19 01:02:18, balances, transfer_keep_alive
2979832-2, bXie3KQvQPp7QsmBb7QUzHfzgGZg6iVgAfLSpqW1NyaqzKByy, 0x3290ccbed0ff552258730a310275815b6e0836c58da0b6aaae6c2abecaea6d31, 2979832, 1520000.0, 2023-03-19 00:26:18, balances, transfer_keep_alive
2979434-2, bXk5dccgSydbFSt5T3UvCzdGe4FJtmW4SgpvGijTtkVjSBJQ4, 0x209403058c19733f0f9ce9692c9478d8d2020f343175f7dcc9379217cb79757d, 2979434, 67500.0, 2023-03-18 23:02:06, balances, transfer_keep_alive
2978537-2, bXie3KQvQPp7QsmBb7QUzHfzgGZg6iVgAfLSpqW1NyaqzKByy, 0xe84790e33a644f47ffc33ee555d62fc5b556cc2fb69902af9de5a7c7dac97c32, 2978537, 1010000.0, 2023-03-18 19:51:24, balances, transfer_keep_alive
2977921-2, bXhhTQJCp2L4a6uDvgrPnjhtSbnAysVh9LybhMSRCNyi535pH, 0xfb64a4999c5a33ef69b573e09aec9933af81b2b6502a96eb0d113f709ccc10b9, 2977921, 2804000.0, 2023-03-18 17:41:42, balances, transfer_keep_alive
2977917-2, bXhhTQJCp2L4a6uDvgrPnjhtSbnAysVh9LybhMSRCNyi535pH, 0x1e8c447b3fcb1606967e81fe2a0523b20f5970b6874cf16805492b829ccc1369, 2977917, 264544.0, 2023-03-18 17:40:54, balances, transfer_keep_alive
2977915-2, bXhhTQJCp2L4a6uDvgrPnjhtSbnAysVh9LybhMSRCNyi535pH, 0x06da0604fc3da0a32a4fb56d824ce24a2053fe496f5485d7e8332b016cea9d27, 2977915, 264544.0, 2023-03-18 17:40:30, balances, transfer_keep_alive
2977914-2, bXhhTQJCp2L4a6uDvgrPnjhtSbnAysVh9LybhMSRCNyi535pH, 0x7b71fd85e79436810f36242767c6a2004d0b887830946feaf3787ed65eeda0ba, 2977914, 2644536.0, 2023-03-18 17:40:18, balances, transfer_keep_alive
2977909-2, bXhhTQJCp2L4a6uDvgrPnjhtSbnAysVh9LybhMSRCNyi535pH, 0xb8baaa2aa527e64464b78ceb6649fc794af965a74343d56cebaa5e6445c6689f, 2977909, 78940.0, 2023-03-18 17:39:18, balances, transfer_keep_alive
2977907-2, bXhhTQJCp2L4a6uDvgrPnjhtSbnAysVh9LybhMSRCNyi535pH, 0x3041d680e13813aee943adba97020dc7307d90967a7bd7fd6b1302526c9ab593, 2977907, 555541.0, 2023-03-18 17:38:54, balances, transfer_keep_alive
2977905-2, bXhhTQJCp2L4a6uDvgrPnjhtSbnAysVh9LybhMSRCNyi535pH, 0x68f9d9b62f0e767f235345850e83f16cb293799d1ef1340ad6b4ee9cebbbed1f, 2977905, 529087.0, 2023-03-18 17:38:30, balances, transfer_keep_alive
2977902-2, bXhhTQJCp2L4a6uDvgrPnjhtSbnAysVh9LybhMSRCNyi535pH, 0x1bb7c5700de045684774a9ad7e6d92f34f83da7180b828c17e101f241c4ca3eb, 2977902, 1322718.0, 2023-03-18 17:37:54, balances, transfer_keep_alive
2974675-2, bXkgWYeWSKvQ54sPb3UPA6p11gn7jdC7NQMFEEn7knxV85sX7, 0xb57b61421e2e8c215cff8b07884a67be02116309fe56d293a16d5e73e879d72f, 2974675, 4000000.0, 2023-03-18 06:22:48, balances, transfer_keep_alive
2973761-2, bXie3KQvQPp7QsmBb7QUzHfzgGZg6iVgAfLSpqW1NyaqzKByy, 0xf1f69e9a0d8b238bf6ea2ce59b6f703bb7287fa032ed9975ea75e95fddb8268a, 2973761, 2000000.0, 2023-03-18 03:10:24, balances, transfer_keep_alive
2973725-2, bXie3KQvQPp7QsmBb7QUzHfzgGZg6iVgAfLSpqW1NyaqzKByy, 0x7b5bda37dc9e92eedb3da4d72d70c709e68a9f694efe1daeef62b01ec3da3a1d, 2973725, 1515000.0, 2023-03-18 03:02:54, balances, transfer_keep_alive
2973619-2, bXie3KQvQPp7QsmBb7QUzHfzgGZg6iVgAfLSpqW1NyaqzKByy, 0x0b5369bbb46cc9805096a7219b0bc28ad359bd9494df6343f1909ee1feff92ed, 2973619, 2000000.0, 2023-03-18 02:40:48, balances, transfer_keep_alive
2973533-2, bXie3KQvQPp7QsmBb7QUzHfzgGZg6iVgAfLSpqW1NyaqzKByy, 0xc4f5d48b7ad13e2775179d50b1d30c1f7a88fdd5fad32114ed263c2efde5a432, 2973533, 1000000.0, 2023-03-18 02:22:54, balances, transfer_keep_alive
2973527-2, bXie3KQvQPp7QsmBb7QUzHfzgGZg6iVgAfLSpqW1NyaqzKByy, 0x6e82f7c66bd9b0039e5e5ee34c1529ce5c3a580fef5bc1523f28647e3de876ed, 2973527, 1075000.0, 2023-03-18 02:21:42, balances, transfer_keep_alive
2973496-2, bXie3KQvQPp7QsmBb7QUzHfzgGZg6iVgAfLSpqW1NyaqzKByy, 0x3eaffe3dde183deff5b5605b6b2bae8b91e71a6181734afbc1c671b65a93fc68, 2973496, 1900000.0, 2023-03-18 02:15:18, balances, transfer_keep_alive
2973462-2, bXie3KQvQPp7QsmBb7QUzHfzgGZg6iVgAfLSpqW1NyaqzKByy, 0x0f2246bf42ecc14e3dfad9c9b1cdc45f224a4b9992f12c32e489f27620f394a8, 2973462, 2133000.0, 2023-03-18 02:08:30, balances, transfer_keep_alive
2973430-2, bXie3KQvQPp7QsmBb7QUzHfzgGZg6iVgAfLSpqW1NyaqzKByy, 0xd5d8ed2d3385f4be33fc3ed94ae534106d59abd53e6725f0364deb433e629db5, 2973430, 2148000.0, 2023-03-18 02:01:35, balances, transfer_keep_alive
2973397-2, bXie3KQvQPp7QsmBb7QUzHfzgGZg6iVgAfLSpqW1NyaqzKByy, 0xbf9aaa8bd2af6683e560bd314466b550200f14fe9e72b212f27604d708a6ac51, 2973397, 2060000.0, 2023-03-18 01:54:12, balances, transfer_keep_alive
2973356-2, bXie3KQvQPp7QsmBb7QUzHfzgGZg6iVgAfLSpqW1NyaqzKByy, 0x87d1f49856fd89770575a164c107cd25204d49dc60bdffae5a3430a848b63d26, 2973356, 2052000.0, 2023-03-18 01:45:30, balances, transfer_keep_alive
2973321-2, bXie3KQvQPp7QsmBb7QUzHfzgGZg6iVgAfLSpqW1NyaqzKByy, 0x6d3b3d5e6b302c75a95ab722319bec589bc02753f0f0c8e3f3f17aeb92f04158, 2973321, 2030000.0, 2023-03-18 01:38:18, balances, transfer_keep_alive
2973288-2, bXie3KQvQPp7QsmBb7QUzHfzgGZg6iVgAfLSpqW1NyaqzKByy, 0x162b71fd2803583f2edb7b4f4a9e8bedd1583f485e65d5f496d82fe0f444cb78, 2973288, 2000000.0, 2023-03-18 01:31:24, balances, transfer_keep_alive
2973258-2, bXie3KQvQPp7QsmBb7QUzHfzgGZg6iVgAfLSpqW1NyaqzKByy, 0x8a81ed658f73f77cbcd02e3464da92769334525c749ff80cdcf63eb336a95f7d, 2973258, 1900000.0, 2023-03-18 01:24:54, balances, transfer_keep_alive
2973224-2, bXie3KQvQPp7QsmBb7QUzHfzgGZg6iVgAfLSpqW1NyaqzKByy, 0x9372035603647c56b99c617963c64aee4e85749d5925bcc663d805ff529b366d, 2973224, 1575000.0, 2023-03-18 01:17:30, balances, transfer_keep_alive
2973188-2, bXie3KQvQPp7QsmBb7QUzHfzgGZg6iVgAfLSpqW1NyaqzKByy, 0x95309b7e824b28496dea202497921bbcdfb9e846a63ccc216a0d53c8a33bbff6, 2973188, 1053000.0, 2023-03-18 01:10:06, balances, transfer_keep_alive
2973170-2, bXie3KQvQPp7QsmBb7QUzHfzgGZg6iVgAfLSpqW1NyaqzKByy, 0x75d90e70caf3c67c3b2c5cdc4cf6eaf4056c846b3cfa9ddc2a62b4c8e04f79a5, 2973170, 1015000.0, 2023-03-18 01:06:24, balances, transfer_keep_alive
2973130-2, bXie3KQvQPp7QsmBb7QUzHfzgGZg6iVgAfLSpqW1NyaqzKByy, 0x9ffae032e8a0efc31f7c3c01be922095df254662ecf0fdca85fcc01ae70b182e, 2973130, 713000.0, 2023-03-18 00:58:12, balances, transfer_keep_alive
2973078-2, bXie3KQvQPp7QsmBb7QUzHfzgGZg6iVgAfLSpqW1NyaqzKByy, 0x4a678af0e2d48cd31014b90a05f001a5fe0d4a2a371b0792ce174bb160c21de4, 2973078, 860000.0, 2023-03-18 00:47:12, balances, transfer_keep_alive
2972983-2, bXie3KQvQPp7QsmBb7QUzHfzgGZg6iVgAfLSpqW1NyaqzKByy, 0x247c1aab0bd1a22b9f09a9ee28da2b1833704c00d6a1ccdae647027184e81ae3, 2972983, 945000.0, 2023-03-18 00:26:36, balances, transfer_keep_alive
2972609-2, bXie3KQvQPp7QsmBb7QUzHfzgGZg6iVgAfLSpqW1NyaqzKByy, 0x492e05cc165cbedfc9eb936e715d7a6253b0ce877537b0207a113f483155baba, 2972609, 1520000.0, 2023-03-17 23:09:06, balances, transfer_keep_alive
2972580-2, bXie3KQvQPp7QsmBb7QUzHfzgGZg6iVgAfLSpqW1NyaqzKByy, 0x7b1b51e3a5366a1fc55badcfa8d174c791fc5e9faf23d92abb52cccc95efd4f9, 2972580, 1550000.0, 2023-03-17 23:03:12, balances, transfer_keep_alive
2972522-2, bXie3KQvQPp7QsmBb7QUzHfzgGZg6iVgAfLSpqW1NyaqzKByy, 0xa1aa17d663824be04d0750ea0908e5eb35f784a15b583802e05d850698b2c131, 2972522, 1550000.0, 2023-03-17 22:50:18, balances, transfer_keep_alive
2972017-2, bXie3KQvQPp7QsmBb7QUzHfzgGZg6iVgAfLSpqW1NyaqzKByy, 0x5cf855e5020df5395db765ab3357847071a548ae63a39f517100302a2469d07f, 2972017, 1010000.0, 2023-03-17 21:05:00, balances, transfer_keep_alive
2971981-2, bXie3KQvQPp7QsmBb7QUzHfzgGZg6iVgAfLSpqW1NyaqzKByy, 0x0deb058d29a65a389d1607a30ba8798c17bf74707490f539e9c312d20c05231c, 2971981, 850000.0, 2023-03-17 20:57:18, balances, transfer_keep_alive
2971924-2, bXie3KQvQPp7QsmBb7QUzHfzgGZg6iVgAfLSpqW1NyaqzKByy, 0x0c2f496f508fba993ab469400fb195f3846c1d19c1aecf139eb914b1b7be5b01, 2971924, 1020000.0, 2023-03-17 20:45:29, balances, transfer_keep_alive
2971816-2, bXie3KQvQPp7QsmBb7QUzHfzgGZg6iVgAfLSpqW1NyaqzKByy, 0x89ffe9eb93b9148a4df7bd6f5298097eb0ce91a23d147ae9cdc1cf2bde431fcc, 2971816, 1700000.0, 2023-03-17 20:22:24, balances, transfer_keep_alive
2971434-2, bXie3KQvQPp7QsmBb7QUzHfzgGZg6iVgAfLSpqW1NyaqzKByy, 0xeb36760a9a220fa189f1bb18fc4f724154c1cc7a8fb865bb8999b764c3b90ec0, 2971434, 1020000.0, 2023-03-17 19:03:42, balances, transfer_keep_alive
2967543-2, bXie3KQvQPp7QsmBb7QUzHfzgGZg6iVgAfLSpqW1NyaqzKByy, 0xd7d22925cce255cde5a03d8a100ff4e6129c808b82b5901ef508fc984297abf0, 2967543, 286000.0, 2023-03-17 05:19:30, balances, transfer_keep_alive
2967483-2, bXie3KQvQPp7QsmBb7QUzHfzgGZg6iVgAfLSpqW1NyaqzKByy, 0xcb819ba0be8ca33d55b8d4a8739166c1e6bbeb4dac2bb9b9eb8e7890e6b215bd, 2967483, 1015000.0, 2023-03-17 05:07:06, balances, transfer_keep_alive
2967241-2, bXie3KQvQPp7QsmBb7QUzHfzgGZg6iVgAfLSpqW1NyaqzKByy, 0x33217e31a0c62aa3f5bf2cfe13169005831217e20bbf60d2137b1a170ae81d04, 2967241, 1006000.0, 2023-03-17 04:13:42, balances, transfer_keep_alive
2967205-2, bXie3KQvQPp7QsmBb7QUzHfzgGZg6iVgAfLSpqW1NyaqzKByy, 0x57cbc2bc4fb1d07dc5539d802b7a6e0c350b4774935a57a33097b275c222e07d, 2967205, 609000.0, 2023-03-17 04:06:00, balances, transfer_keep_alive
2967188-2, bXie3KQvQPp7QsmBb7QUzHfzgGZg6iVgAfLSpqW1NyaqzKByy, 0xfa41ab8d38de1a551d66a8dbcfd12bf2125c02317a022f428d2b851c9e1bdfdb, 2967188, 1015000.0, 2023-03-17 04:02:12, balances, transfer_keep_alive
2965216-2, bXie3KQvQPp7QsmBb7QUzHfzgGZg6iVgAfLSpqW1NyaqzKByy, 0xc6c6ec421a80f1201af9ce31abe2f624d69a4bad81fbb7aa0163ff772fec19ff, 2965216, 1990000.0, 2023-03-16 21:05:42, balances, transfer_keep_alive
2961658-2, bXkkt6PTjAd3izF9JWA9jXyNTA1hjrLZmxEpax7TbnpzQXHot, 0x6ed6f561941ca8233583d60ad33c0ecc47834afccdb5ab2069434fa6383ac7fd, 2961658, 26400.0, 2023-03-16 08:39:42, balances, transfer_keep_alive
2959309-2, bXie3KQvQPp7QsmBb7QUzHfzgGZg6iVgAfLSpqW1NyaqzKByy, 0x03169f96580b9208076672b2e56cf02026cf85c12686bb11a1348c72faa84713, 2959309, 1400000.0, 2023-03-16 00:21:18, balances, transfer_keep_alive
2959274-2, bXgeP63nzYmZNz1mmKooAXKbDmDorMnVt2ZoqN654GdxG1QMe, 0x32a7d5fadd141355f7b489acb2e865195860129d90476f1e4e86e55fafb68988, 2959274, 82000.0, 2023-03-16 00:13:54, balances, transfer_keep_alive
2959265-2, bXgeP63nzYmZNz1mmKooAXKbDmDorMnVt2ZoqN654GdxG1QMe, 0xcd74b58200457fa2371ba4f140dc92d7415e0779b8620c1f42dd51a484fd46be, 2959265, 9100.0, 2023-03-16 00:12:06, balances, transfer_keep_alive
2959154-2, bXie3KQvQPp7QsmBb7QUzHfzgGZg6iVgAfLSpqW1NyaqzKByy, 0x258dff36e3ff55035a7c0379746ca282dbe5da696c2c2ba2c08b192b4fbe011d, 2959154, 1000000.0, 2023-03-15 23:48:06, balances, transfer_keep_alive
2959103-2, bXie3KQvQPp7QsmBb7QUzHfzgGZg6iVgAfLSpqW1NyaqzKByy, 0xc33c95863036f0b5ee2970f0ec1f0c779c18d275a905caa4e885434d9a790ac8, 2959103, 1000000.0, 2023-03-15 23:37:18, balances, transfer_keep_alive
2958859-2, bXie3KQvQPp7QsmBb7QUzHfzgGZg6iVgAfLSpqW1NyaqzKByy, 0xe54fdb86820b1df93b7606dfed62795f6db8936bdb0880f0976ef746606efc8e, 2958859, 1000000.0, 2023-03-15 22:45:36, balances, transfer_keep_alive
2958362-2, bXie3KQvQPp7QsmBb7QUzHfzgGZg6iVgAfLSpqW1NyaqzKByy, 0x02ef0f77c7e956b07314e0833b3032a6df7bb3ed96a3a09f0db1beb8e56d2ad7, 2958362, 1010000.0, 2023-03-15 21:01:12, balances, transfer_keep_alive
2958196-2, bXie3KQvQPp7QsmBb7QUzHfzgGZg6iVgAfLSpqW1NyaqzKByy, 0x1adca86f445233e537c7936433951754fb41296c4dfed821c4c61b13db892e42, 2958196, 1020000.0, 2023-03-15 20:25:36, balances, transfer_keep_alive
2957983-2, bXie3KQvQPp7QsmBb7QUzHfzgGZg6iVgAfLSpqW1NyaqzKByy, 0xed5cbcb6f46b57eb5f470505dc77b6e643a609c4b21377970156c7e33e890627, 2957983, 500000.0, 2023-03-15 19:38:30, balances, transfer_keep_alive
2957869-2, bXie3KQvQPp7QsmBb7QUzHfzgGZg6iVgAfLSpqW1NyaqzKByy, 0x5ba31c540238da5b8a0663503d983c30c5c5a1c18d1f17ca323a9092c10c7d36, 2957869, 1515000.0, 2023-03-15 19:13:29, balances, transfer_keep_alive
2957730-2, bXmFkHk7GQe9WVPwXB8183XQf3femUWr25ATUC15syAseTnmp, 0x8293c7f6cbaf8a2300a06ee0c5986ddac9cb8bdea15aae3e1a60508ea7d262cf, 2957730, 321000.0, 2023-03-15 18:43:54, balances, transfer_keep_alive
2957726-2, bXmFkHk7GQe9WVPwXB8183XQf3femUWr25ATUC15syAseTnmp, 0x6d1eba295266a59fab619e5ccff4f3a2cf1bfa1356c976130b86c368337a6e8c, 2957726, 321000.0, 2023-03-15 18:42:30, balances, transfer_keep_alive
2956567-2, bXidt9FsvgKT9r33JSKFrxGDQVgLBTiPZR9yj2CUu6a5m5DrN, 0x2fcf9c5f96280ef7c6b83d4423a5d8cbad5fa2b45e4b9686e7f9a78105e0cf53, 2956567, 1088000.0, 2023-03-15 14:33:54, balances, transfer_keep_alive
2952466-2, bXgt7uie6VgWGWz5VWrDKtWZmBb8MVg8djdYioBKkaTySSK8d, 0x08da152f2d4e22230727bd6d8580c4719fe03b37f78c7a4d99852b136cde7a33, 2952466, 93338.0, 2023-03-15 00:07:42, balances, transfer_keep_alive
2952463-2, bXmo4rkMJfVeDcUKenWsZzrnxUbiVK7hyf5StbJCD3S4UiQDE, 0xb00c9a6abb858c7f2a54da604dea3bf0f6540d486ce0cd9d723abaa101a2e38e, 2952463, 160164.0, 2023-03-15 00:07:06, balances, transfer_keep_alive
2949081-2, bXh9BGrp5UsiAjE2anzFTEwLKeqUP2ESpzQ2q27gtM4BZUhZn, 0x49539ffaf7da747e47fba2f1ee78a23b43bba46cc960e6b02573cb786a835120, 2949081, 5.0, 2023-03-14 12:09:12, balances, transfer_keep_alive
2945064-2, bXie3KQvQPp7QsmBb7QUzHfzgGZg6iVgAfLSpqW1NyaqzKByy, 0x0e710963edced44870f5a5f07d2a03a36f5a2a0ab42b6e8eab1f3bf45cc42054, 2945064, 1520000.0, 2023-03-13 22:01:42, balances, transfer_keep_alive
2944998-2, bXie3KQvQPp7QsmBb7QUzHfzgGZg6iVgAfLSpqW1NyaqzKByy, 0x6491339f325cc5eac63005db2f8ce621defa468de111dcba76e36e561f93d18b, 2944998, 1540000.0, 2023-03-13 21:48:06, balances, transfer_keep_alive
2944915-2, bXie3KQvQPp7QsmBb7QUzHfzgGZg6iVgAfLSpqW1NyaqzKByy, 0x1efa3628f2a635f5388e21d6731997406d0033a57de80a85662ba6676a77edf3, 2944915, 1550000.0, 2023-03-13 21:30:18, balances, transfer_keep_alive
2943029-2, bXie3KQvQPp7QsmBb7QUzHfzgGZg6iVgAfLSpqW1NyaqzKByy, 0xc4e2d8b09fbdd3ec3d72742c0b52b88a56cae9c7904c4f0ab4a456b467a17625, 2943029, 1510000.0, 2023-03-13 14:50:06, balances, transfer_keep_alive
2942641-2, bXie3KQvQPp7QsmBb7QUzHfzgGZg6iVgAfLSpqW1NyaqzKByy, 0xcbb20ec9913b7aee507f7d42db31d5cbd9fb040b4488cc56125a776f43a69ce7, 2942641, 1450000.0, 2023-03-13 13:27:12, balances, transfer_keep_alive
2940724-2, bXi6Kayiz1xPHLhmsLmgi33fkKSyydyQnNrmbCeyfJa2SjSaL, 0x079d656f3e8823c60bb0790eecbbc165fa505474d6401f9848d3f858e5fbc73d, 2940724, 199610.0, 2023-03-13 06:45:42, balances, transfer_keep_alive
2939195-2, bXie3KQvQPp7QsmBb7QUzHfzgGZg6iVgAfLSpqW1NyaqzKByy, 0x31d8a2dea61acf5b1bbf18f34fa0c01fe17fa3f2da96118c6781095da1e41404, 2939195, 1010000.0, 2023-03-13 01:26:18, balances, transfer_keep_alive
2932251-2, bXie3KQvQPp7QsmBb7QUzHfzgGZg6iVgAfLSpqW1NyaqzKByy, 0xd798f3d7c2d8965ca44c87f860e9556f57852e67aa7845f1f2bc416edf2e3cea, 2932251, 1005000.0, 2023-03-12 01:18:06, balances, transfer_keep_alive
2932112-2, bXie3KQvQPp7QsmBb7QUzHfzgGZg6iVgAfLSpqW1NyaqzKByy, 0x4f5d278439d322bfae9479603b2897f024d067d1f10677ac8e88f2e46ff2a7fc, 2932112, 1014000.0, 2023-03-12 00:49:12, balances, transfer_keep_alive
2932064-2, bXie3KQvQPp7QsmBb7QUzHfzgGZg6iVgAfLSpqW1NyaqzKByy, 0xffdb84e4cfff7796d0700643e4f50c881138301ff6474645a26f8a169812fd5e, 2932064, 840000.0, 2023-03-12 00:39:00, balances, transfer_keep_alive
2931720-2, bXie3KQvQPp7QsmBb7QUzHfzgGZg6iVgAfLSpqW1NyaqzKByy, 0xf69b8994e47fe9845c64a0aa7bc0cc508a74affb0fb46f3124bc534d1f467b30, 2931720, 1020000.0, 2023-03-11 23:28:24, balances, transfer_keep_alive
2931512-2, bXkSqZpvkadzya1UzskXVeXPZs6piw543aqxoToS774YPV5b5, 0xba84557b9815434e445ad274f6990edc663a4992bc17c927f90ab81cf8b9fbde, 2931512, 6750.0, 2023-03-11 22:42:18, balances, transfer_keep_alive
2929780-2, bXie3KQvQPp7QsmBb7QUzHfzgGZg6iVgAfLSpqW1NyaqzKByy, 0x24f12039e1e926bf41d653c6aaf38cb4370d38b09caf35998af8226b05df5ad1, 2929780, 1630000.0, 2023-03-11 16:43:18, balances, transfer_keep_alive
2929708-2, bXie3KQvQPp7QsmBb7QUzHfzgGZg6iVgAfLSpqW1NyaqzKByy, 0x69bc22c010cf10d9146463f31e835476765eabbccbc330282670a4635553abec, 2929708, 1615000.0, 2023-03-11 16:28:30, balances, transfer_keep_alive
2929655-2, bXie3KQvQPp7QsmBb7QUzHfzgGZg6iVgAfLSpqW1NyaqzKByy, 0x26c834860f000066200eba5e440088361acc0a54e7461f3ccb27b4ef2efc98f5, 2929655, 1520000.0, 2023-03-11 16:17:42, balances, transfer_keep_alive
2926642-2, bXie3KQvQPp7QsmBb7QUzHfzgGZg6iVgAfLSpqW1NyaqzKByy, 0x8a780fae04702de82d0ac88682dc3660986efc19af4bde4b65da34a0569814c1, 2926642, 900000.0, 2023-03-11 05:49:54, balances, transfer_keep_alive
2925632-2, bXie3KQvQPp7QsmBb7QUzHfzgGZg6iVgAfLSpqW1NyaqzKByy, 0x4164ca6c52c5930ecebe73d65cb09627acc32fda1a204a51b62e67d42e2f3d72, 2925632, 910000.0, 2023-03-11 01:58:25, balances, transfer_keep_alive
2925617-2, bXmGUFpHXHNKyxfWbyv5EoPce9CvZ7uzKXWGKMMUNvmEehiqH, 0x979a0b6fca688b1f7eadb761c9285011ae1e12fae0e2429824828093771a4b7b, 2925617, 1097600.0, 2023-03-11 01:54:49, balances, transfer_keep_alive
2925543-2, bXie3KQvQPp7QsmBb7QUzHfzgGZg6iVgAfLSpqW1NyaqzKByy, 0x472f3f8f09724fd83e8350bbac00f857efbfd1f38f4d4840830f5e7ace3dd5ad, 2925543, 1019000.0, 2023-03-11 01:37:19, balances, transfer_keep_alive
2925510-2, bXie3KQvQPp7QsmBb7QUzHfzgGZg6iVgAfLSpqW1NyaqzKByy, 0x8c6742f784ab64199821aeb23ca9c13196fcf4541d050f450e37dd29e0199708, 2925510, 730000.0, 2023-03-11 01:28:49, balances, transfer_keep_alive
2925487-2, bXiQnqgzi2j2M7G5TQ8aAwMZ2jxXCLms5FNYqFnjgk8G8AHaK, 0x361a9b05f7d5e12d56c3f324ae1b8c949b14b777be7ac797094b8775fa1211f5, 2925487, 1000.0, 2023-03-11 01:22:44, balances, transfer_keep_alive
2921189-2, bXidt9FsvgKT9r33JSKFrxGDQVgLBTiPZR9yj2CUu6a5m5DrN, 0x8fb8296c27cc5a1e831e1c4fe18499440a7a2b7b2e97d058908b9cd31d36396a, 2921189, 831000.0, 2023-03-10 09:11:30, balances, transfer_keep_alive
2919061-2, bXmDufAgNSPbLkDFhe6SrTvPMDc5wZ69bUQGRnc9kpXoxbcCm, 0xca5293e5dd5187b597c90bc0c167e44cb93a24ef48a981aee9930ce053ce7d0b, 2919061, 38000000.0, 2023-03-10 01:44:42, balances, transfer_keep_alive
2918654-2, bXmDufAgNSPbLkDFhe6SrTvPMDc5wZ69bUQGRnc9kpXoxbcCm, 0xdb5788518efdec225a83844b8d84289cf257d7f81faa220dbcbc8d5f2c15117d, 2918654, 35000000.0, 2023-03-10 00:19:54, balances, transfer_keep_alive
2918454-2, bXmDufAgNSPbLkDFhe6SrTvPMDc5wZ69bUQGRnc9kpXoxbcCm, 0xc8f207b9bbc9444af5b0cab009b36e45dac62aea5f4cfb0f9cdad2fd7bb30628, 2918454, 10000.0, 2023-03-09 23:37:54, balances, transfer_keep_alive
2912383-2, bXm3GyJCpX8x9KUZn4wx3d2GKd8R91f7gdTCQXXEqQEEqLrFD, 0xa58a0dea6880d9c9e749d779a6e401c6c78a85ef0b29ea29d2ea7edb765c082c, 2912383, 27050.0, 2023-03-09 02:30:42, balances, transfer_keep_alive
2912375-2, bXm3GyJCpX8x9KUZn4wx3d2GKd8R91f7gdTCQXXEqQEEqLrFD, 0xf1858d903ed35e7b32348005f5186d07ed56a3b068a75c013ec7577787d28343, 2912375, 20193.0, 2023-03-09 02:29:06, balances, transfer_keep_alive
2912364-2, bXmi1yVsrKycLBKMGXwyhwv27jAP8rzyR1rxRye3hKmBZh5Pf, 0x0b25ffb2ce8f076ccac857bf2e47dcc62ef1ec0d3ae3d5b217c5bf446ba43132, 2912364, 30.0, 2023-03-09 02:26:54, balances, transfer_keep_alive
2912310-2, bXie3KQvQPp7QsmBb7QUzHfzgGZg6iVgAfLSpqW1NyaqzKByy, 0xcd7c441208a61dc66d0279490be1f2443de34edb753d20d307b8764f1fbc285c, 2912310, 200000.0, 2023-03-09 02:15:36, balances, transfer_keep_alive
2910163-2, bXj38Ma8rWd4oFxqpjUv9dTrhWnShJLDTUBuHR71aGdMWEvUA, 0x8f6cd1472db585975382143920a34b1ea2c449bbb581c654bd74b54f0424f2cf, 2910163, 90706.0, 2023-03-08 18:41:42, balances, transfer_keep_alive
2908893-2, bXie3KQvQPp7QsmBb7QUzHfzgGZg6iVgAfLSpqW1NyaqzKByy, 0x45ea9d8c62866fd7a12d80ef41f668687a9401ca66d22a16270d76df6671433b, 2908893, 1000000.0, 2023-03-08 14:16:48, balances, transfer_keep_alive
2908803-2, bXie3KQvQPp7QsmBb7QUzHfzgGZg6iVgAfLSpqW1NyaqzKByy, 0x649ee2d6f1e05e31f217fb1d8f764d81665d98d47e02903bec5179efa298cb67, 2908803, 1010000.0, 2023-03-08 13:57:18, balances, transfer_keep_alive
2908541-2, bXjihQ541E8c5NSKJe4JcbZt1VXHntnE1rSJFuVeRjAP3N3AD, 0x679c2a8fbd8edd8bd1f31ce792c59a433eec304ee2b32f85a96b6464ff0e8e58, 2908541, 100.0, 2023-03-08 13:01:06, balances, transfer_keep_alive
2905102-2, bXmx8ejiitorWAHWwagd1APhmB1rwTXrRWCN6CQc4jMQKgB3X, 0xdc660951279272b880cde06ffabca6df290c7c3aea697cd1dd3f76d369935262, 2905102, 20.0, 2023-03-08 01:04:24, balances, transfer_keep_alive
2904587-2, bXie3KQvQPp7QsmBb7QUzHfzgGZg6iVgAfLSpqW1NyaqzKByy, 0xe29efcf21ce61a48b57c31a8ec06b14b5a67dd1055a2df4bce38b30ef41c47f0, 2904587, 530000.0, 2023-03-07 23:15:18, balances, transfer_keep_alive
2904405-2, bXie3KQvQPp7QsmBb7QUzHfzgGZg6iVgAfLSpqW1NyaqzKByy, 0x0e1c6c5f68978fbcaa3005707242f2ea89befe8f41e36c67061a24bc207800ea, 2904405, 1210000.0, 2023-03-07 22:36:18, balances, transfer_keep_alive
2903849-2, bXh7AmJgw6Upkzw2yA1qSURtNMCckkPpN857iVajuouPs9f2u, 0x84d6bd80f322bdd3f73bde287de6e808fec47d82e64521df7b72012fe386c8bc, 2903849, 72023500.0, 2023-03-07 20:39:18, balances, transfer_keep_alive
2903771-2, bXie3KQvQPp7QsmBb7QUzHfzgGZg6iVgAfLSpqW1NyaqzKByy, 0xf5dcd11bc2ca8c514b75bbe89f79fd6c651d14ddbe88c4e28e3be883771a0411, 2903771, 1310000.0, 2023-03-07 20:23:12, balances, transfer_keep_alive
2903656-2, bXie3KQvQPp7QsmBb7QUzHfzgGZg6iVgAfLSpqW1NyaqzKByy, 0x223f337206c4333797dc8fa9b16abe26bd5ca575dd2ca18e8624c4d2b60b1623, 2903656, 1300000.0, 2023-03-07 19:59:48, balances, transfer_keep_alive
2903528-2, bXie3KQvQPp7QsmBb7QUzHfzgGZg6iVgAfLSpqW1NyaqzKByy, 0xea85213f19e1cafe3797f1495b434a6fc1567a6d393374af67f692fd1f3971ac, 2903528, 1212000.0, 2023-03-07 19:32:48, balances, transfer_keep_alive
2903490-2, bXie3KQvQPp7QsmBb7QUzHfzgGZg6iVgAfLSpqW1NyaqzKByy, 0xbd83853d944fda8ac8b81301238a6552ce74506ee9049466f871d2e4214d22d4, 2903490, 1010000.0, 2023-03-07 19:24:48, balances, transfer_keep_alive
2897284-2, bXhRLFRis1wAQFpJa1dakGHGKboGMLEwsmZUpHGKVxobt3WgU, 0x80430b28f16090c71f677d2f8ed3475129ca63d29158f45c9f127f5ec03db7f4, 2897284, 60000.0, 2023-03-06 21:42:36, balances, transfer_keep_alive
2897037-2, bXgsgqEHwZdtpShnu8yL2dTSkAZQ5wApuqsr7B7s5TNg5ijZK, 0x8362c5da486f75e1a9f211d9952c3a878afec991840edaa85c25e27d33c027e1, 2897037, 150.0, 2023-03-06 20:51:24, balances, transfer_keep_alive
2896972-2, bXj5jf3avT8xVCoDBGVxAMX87WLY6eS5rwpiXgRTR2oKiQGuC, 0x19e724cf7add5fd2b98a3129e4c0f576bc096a7f5997bf70ca1f95f41234be28, 2896972, 2000.0, 2023-03-06 20:36:48, balances, transfer_keep_alive
2893813-2, bXidt9FsvgKT9r33JSKFrxGDQVgLBTiPZR9yj2CUu6a5m5DrN, 0x60418ecabd5a066d0a4b432bbea1438a244c951d71e02a757ec43b795a9de15f, 2893813, 997000.0, 2023-03-06 09:35:54, balances, transfer_keep_alive
