2085069-2, cvPopvSUTrJrTAUmfspDKYMd1xnPqGZ1PdkjwEGt8BT6C1H, 0x40ca5d66e37b401dd52752da92cd2b4e8b656b409eb376f7e0f5af8eeda4e219, 2085069, 24.8, 2023-04-05 20:18:24, balances, transfer_keep_alive
2082985-2, gk82dyvfpqVTRqcxravkEs6a6pVnhZiCBNTChwBc5euHojU, 0x56c058e57cb45e1ba3c8fdb11e17357a2eebba9b030defe60dc2cf44c2e44bc7, 2082985, 41.0, 2023-04-05 13:04:48, balances, transfer_keep_alive
2078329-2, fY4UP2BTqmQ555tNB747XmbYi6omUanaVhecG12GRQS46zD, 0xea8ddcf658ffcb290f449bb73f45afed3c184d5f1cb5743139d09ee2aba336e4, 2078329, 34.0, 2023-04-04 21:03:06, balances, transfer_keep_alive
2078009-2, f5B1cS37ngowbcDmM3Cd1SUAPmEk5YDnziUcVjrwKLt5Xct, 0x467b53cf7f8ac856852343628547cc424fcf56b645238f3fbaf2756046b92786, 2078009, 0.1, 2023-04-04 19:57:06, balances, transfer_keep_alive
2071481-2, eVeD4v35u2qNjnstzDHNGKaHFaaDBwJ1XJ9e6Csy8FqS45L, 0x15ef5e4db63a0050758fd231c87f7c653fd4efa700ed502552d9fcb7ed3549e7, 2071481, 770.0, 2023-04-03 21:23:30, balances, transfer_keep_alive
2065249-2, dKFW74QpXcQubjcKyRFPaMEaZGXN4kKHkR5W37XtCrLxLgS, 0x5c7509413453311542e1e020b48421e01e9e22998f0e5a943c0e8a91c7fd0fe7, 2065249, 3.0, 2023-04-02 23:52:00, balances, transfer_keep_alive
2052698-2, bpb5nqHJKa37o3jF9CAbbAZ7vXEh8WdjxffvqZFsiXfDVwx, 0xf7f7ae86567a3c95527eb6304f8bcac50ac2c6ce003cba67216afa155c7731a1, 2052698, 0.3, 2023-04-01 04:44:42, balances, transfer_keep_alive
2048099-2, fY4UP2BTqmQ555tNB747XmbYi6omUanaVhecG12GRQS46zD, 0xd7f3d9c66472a16272aa53f29c251db74b7fb9fbcdc71ad2b84ad49a37a63396, 2048099, 21.0, 2023-03-31 12:59:42, balances, transfer_keep_alive
2047822-2, e3DjVPYgi6mKQxb6zcg1D2MZdNQtDN8RrxRkDoDeY22yegV, 0x9debf173c00eb2dbf58775d2e0facbbad5248600332cb5fc0e0abcb0ef895fdc, 2047822, 20.0, 2023-03-31 12:02:54, balances, transfer_keep_alive
2047820-2, e3DjVPYgi6mKQxb6zcg1D2MZdNQtDN8RrxRkDoDeY22yegV, 0xdf8b98243fca490912e45795bfd2222506dac9463ea99867001f8ace9cf1aa4e, 2047820, 20.0, 2023-03-31 12:02:30, balances, transfer_keep_alive
2042152-2, dL13CWky3gt3jvvQCCmh7XVVwdSof7vVz1czvHDpa8auv5b, 0x664023567a604772748208bae057803c1a7c61b0c0bcbcdb7c31b9d2f96e776b, 2042152, 696.0, 2023-03-30 16:29:18, balances, transfer_keep_alive
2034667-2, cQmRyfNnvG8a8w4zH5w8nAq62ktkC3AJoG4THwNqBH8CybD, 0x6150d63f25810e43c03f3506029287adc98d57aed5a8ec8b0fd8635be883055c, 2034667, 0.1, 2023-03-29 14:39:48, balances, transfer_keep_alive
2028874-2, fY4UP2BTqmQ555tNB747XmbYi6omUanaVhecG12GRQS46zD, 0xa2e8ac63201cf6b51f426253f37f762f0a84a05e63249ff9fb40eea09325a90f, 2028874, 31.0, 2023-03-28 18:40:48, balances, transfer_keep_alive
2028860-2, fY4UP2BTqmQ555tNB747XmbYi6omUanaVhecG12GRQS46zD, 0xed317a1b8a36eefd4eba37e09bd89b670549adeda0827c8b13eaa912291bc512, 2028860, 31.0, 2023-03-28 18:37:54, balances, transfer_keep_alive
2027050-2, cYPu6g4apwndq26ryA4gFjW7us5LdcpCnzgkeFyxdgu5aop, 0x2d990b4369f6f17789fb5870bb663cc2cf85ce2db7cc330866aa9a44dc767722, 2027050, 5.0, 2023-03-28 12:22:54, balances, transfer_keep_alive
2026986-2, dmCCKvQoiJUD8G9LcSo8onK9e8jHqaH5EY4cj5KnAhtXcyN, 0xdc4531833ba51b2ed8c6b2e03aa615a8ea91ebcea6cceb14916c23b4b406a3ff, 2026986, 0.01, 2023-03-28 12:09:24, balances, transfer_keep_alive
2001339-2, fY4UP2BTqmQ555tNB747XmbYi6omUanaVhecG12GRQS46zD, 0xed21284dfdde7e487bc56d84f2e51f4cd741e636e43be6f69b4fddf212cd22ea, 2001339, 9.0, 2023-03-24 19:33:00, balances, transfer_keep_alive
1996086-2, fVJ3yvboSLR3tMjQBUJD1eWda7DhBj6Z2siwE322RgCy598, 0x3dc99f08ea6daa5f28f871471a6dd5d598062181a0d845edd32fa38d6264ef32, 1996086, 1330.0, 2023-03-24 01:26:24, balances, transfer_keep_alive
1993156-2, fY4UP2BTqmQ555tNB747XmbYi6omUanaVhecG12GRQS46zD, 0x04d92e9361542222e04a68af27cfaa2b89ca5a5306c073a1d2ad13208c0d5810, 1993156, 32.0, 2023-03-23 15:24:00, balances, transfer_keep_alive
1989935-2, bkBZc1fnvxWGb6XnGjxRQiVifZZoe5TNcUHWQqkLEA2j7uq, 0xe85c52c25dac9b2c4ac7d5b48107f964d70cd28375c36ddf06dc7d5d1256e038, 1989935, 686.0, 2023-03-23 04:25:30, balances, transfer_keep_alive
1989855-2, bkBZc1fnvxWGb6XnGjxRQiVifZZoe5TNcUHWQqkLEA2j7uq, 0x93c36159a47d80734ced22113c29674983c4ba85dd9211c4a772e443f050c940, 1989855, 5.0, 2023-03-23 04:09:00, balances, transfer_keep_alive
1986363-2, dL13CWky3gt3jvvQCCmh7XVVwdSof7vVz1czvHDpa8auv5b, 0x228103c1d52469926e3dd72f05d7a56628c3b6a7d13d92b0cedbb1636bfd658f, 1986363, 640.0, 2023-03-22 16:07:48, balances, transfer_keep_alive
1986362-2, dmTEFZ77m7WtJmd7PY6pMh111uTtW9jpwfwasTGsWKUGp5M, 0xe0e69bddbf1c2714db6076bde5021ff80bf3f8650d819c4e49f2d9fd45f7ff0c, 1986362, 50000.0, 2023-03-22 16:07:30, balances, transfer_keep_alive
1977541-2, efQzT1ZU74sbXQhHqqwJLSYSucbFfbcqQeYgNSpvqYAZGHm, 0xc05128aeb7bc3de647077f839bd536ae404ca010530715496fc502680d1dd153, 1977541, 2.0, 2023-03-21 10:01:36, balances, transfer_keep_alive
1967733-2, fiP5Ntx458AHNVpbgjL1xV2x7TzUBiTWagsfjpwxeyUqyhe, 0x9fb8a486c63187731e985e2bf1aa717ef65e1b987fe1d3c8d74f037495b08bac, 1967733, 140.0, 2023-03-20 00:04:00, balances, transfer_keep_alive
1965406-2, fY4UP2BTqmQ555tNB747XmbYi6omUanaVhecG12GRQS46zD, 0xebe2fa06627c85711f82c2fada2d0c7c5a31ca1a24825f22a9909c8ebb080df1, 1965406, 14.0, 2023-03-19 16:00:06, balances, transfer_keep_alive
1962035-2, daevqwb9UUY3Dp8T1uXTUoabjUs3Nj43iesQH5P9Pj1eosC, 0x2c50d9b54badb1b71df42e838a83c8182714065a18216ec9f269d02605e5417d, 1962035, 301.5, 2023-03-19 04:21:48, balances, transfer_keep_alive
1960499-2, fiP5Ntx458AHNVpbgjL1xV2x7TzUBiTWagsfjpwxeyUqyhe, 0xf9a792845cb5cd43408fed8b6ae9df773eabbe70202c29a8d09ac3bdf38c4dcc, 1960499, 141.0, 2023-03-18 23:03:06, balances, transfer_keep_alive
1960283-2, fiP5Ntx458AHNVpbgjL1xV2x7TzUBiTWagsfjpwxeyUqyhe, 0xc57b5e2a69421c303ad6d29bc17964db90c7e5425477b72af9f77c34118452c4, 1960283, 1.0, 2023-03-18 22:18:36, balances, transfer_keep_alive
1959170-2, dL13CWky3gt3jvvQCCmh7XVVwdSof7vVz1czvHDpa8auv5b, 0x537a6d07ad9d25f680130e7f99105b8b7f2ab8bf1a991baf0c873b2b287abe7a, 1959170, 572.0, 2023-03-18 18:28:24, balances, transfer_keep_alive
1953031-2, fY4UP2BTqmQ555tNB747XmbYi6omUanaVhecG12GRQS46zD, 0xca1e437a04031bb824e03a108a0fde1a871d022a5cbc7723fc7e1b4535bf123c, 1953031, 10.0, 2023-03-17 21:28:00, balances, transfer_keep_alive
1951376-2, dmTEFZ77m7WtJmd7PY6pMh111uTtW9jpwfwasTGsWKUGp5M, 0x27ade22766d934dbdf3e3d49dc5a324dd528f34ab2ad1c0ef842575a2c5df8d7, 1951376, 1500.0, 2023-03-17 15:48:30, balances, transfer_keep_alive
1947945-2, grH2EgrbMDUvGtauCWDnzQnnwA9XDncm9gsA5KbbdhRvuuF, 0x2738db72fafcc08b8d79e33ab11e07c6768903590d2b6b08a6bc67aa8ea13b56, 1947945, 2608.0, 2023-03-17 04:00:36, balances, transfer_keep_alive
1947007-2, fVJ3yvboSLR3tMjQBUJD1eWda7DhBj6Z2siwE322RgCy598, 0xeba27b8f64a189bdc6d67719e5a868d327a4ed79ec1ff48747bd69d0fbba5763, 1947007, 1387.0, 2023-03-17 00:46:12, balances, transfer_keep_alive
1943609-2, fY4UP2BTqmQ555tNB747XmbYi6omUanaVhecG12GRQS46zD, 0x7f4121551c9b54d7652bfab04393343961735eae00061803a0e76356cb77d854, 1943609, 8.0, 2023-03-16 13:05:18, balances, transfer_keep_alive
1941226-2, dKFW74QpXcQubjcKyRFPaMEaZGXN4kKHkR5W37XtCrLxLgS, 0xc7bdc9d07e563909e6d45c53b1e09cc777352ca81c13b55f83a076201530acf7, 1941226, 19.0, 2023-03-16 04:54:24, balances, transfer_keep_alive
1936584-2, fY4UP2BTqmQ555tNB747XmbYi6omUanaVhecG12GRQS46zD, 0xdd0f7a561f02e8fc5c8c154d740fcbd245660b8d95d92243e91557daa9786e1a, 1936584, 8.0, 2023-03-15 12:49:54, balances, transfer_keep_alive
1934268-2, faDNXBPt2hsAoyJdkroMuWtPRmHcFuM5EmWXxo9LN7VfU7B, 0x7c2d36da8d9504b96950202cf6babe0cca5af53d6b531464ca0d591552be3d3c, 1934268, 0.1, 2023-03-15 04:42:48, balances, transfer_keep_alive
1932286-2, fVJ3yvboSLR3tMjQBUJD1eWda7DhBj6Z2siwE322RgCy598, 0x5860e4f9bae7fd05b634267d7aadab130d2e7c6124216bdc4853a36088bce9ca, 1932286, 1012.0, 2023-03-14 21:24:24, balances, transfer_keep_alive
1929830-2, fY4UP2BTqmQ555tNB747XmbYi6omUanaVhecG12GRQS46zD, 0x4f99eb1a78f1ca9ab90481117afba19b7b92e4eb94db510f22a684610102cbf6, 1929830, 11.0, 2023-03-14 12:51:00, balances, transfer_keep_alive
1926217-2, fVJ3yvboSLR3tMjQBUJD1eWda7DhBj6Z2siwE322RgCy598, 0xc3f0bbef1b364c9f0925eb26b1676703fab0cc8b30ca25f03c86577e7ed0fac9, 1926217, 1814.0, 2023-03-14 00:15:06, balances, transfer_keep_alive
1926158-2, fVJ3yvboSLR3tMjQBUJD1eWda7DhBj6Z2siwE322RgCy598, 0x6683609037e35357c7f6e2c472573a2c7f33137f80b2685e7f02b51cb3835c65, 1926158, 1842.0, 2023-03-14 00:02:36, balances, transfer_keep_alive
1926110-2, f2mfDE4Tg885JKqwws6hRoMMnjY98L9XDimdHeN3cZB6XdX, 0x8bc3f635bdc75e425d6aa72d743d2dfee3a974d5c3f8eb431363472094523a6a, 1926110, 43335.8, 2023-03-13 23:52:18, balances, transfer_keep_alive
1926096-2, fVJ3yvboSLR3tMjQBUJD1eWda7DhBj6Z2siwE322RgCy598, 0x26d3bd12d4590e32751a011634bc25b7238a44a8a55e5a5913067f784351ed3e, 1926096, 1663.0, 2023-03-13 23:49:12, balances, transfer_keep_alive
1926085-2, f2mfDE4Tg885JKqwws6hRoMMnjY98L9XDimdHeN3cZB6XdX, 0x3bf9b9a7c0efe7956bf7ae3e841bb220218f7838c8cf19314ffe7d721a01cbd5, 1926085, 1.0, 2023-03-13 23:47:00, balances, transfer_keep_alive
1919851-2, fY4UP2BTqmQ555tNB747XmbYi6omUanaVhecG12GRQS46zD, 0xc20e421880cac1146fef450e96cdfb5d7ca97205cc72fac801e3c76fca9a3d6f, 1919851, 38.0, 2023-03-12 13:36:39, balances, transfer_keep_alive
1917759-2, cWqsAJ1sSJRb3GDSV6pWYw9o2kNiYhawBhR9f1oazPZLXsW, 0x77129866e6e1f144f1e190e7d9423d222015d04b9c9b699356d97efa3f6fd2e9, 1917759, 1.0, 2023-03-12 01:27:44, balances, transfer_keep_alive
1915768-2, cWqsAJ1sSJRb3GDSV6pWYw9o2kNiYhawBhR9f1oazPZLXsW, 0xb3dd6523e21ea36c670ce4433606a491f25c5cda1581ad347c8620f6a94693c4, 1915768, 2.0, 2023-03-11 18:28:00, balances, transfer_keep_alive
1915098-2, fVJ3yvboSLR3tMjQBUJD1eWda7DhBj6Z2siwE322RgCy598, 0xab13d2ca000b998d98045fe767a048c91615e2a44afcd676a5eb8d67c2fd0c1b, 1915098, 1401.0, 2023-03-11 16:09:30, balances, transfer_keep_alive
1912698-2, fVJ3yvboSLR3tMjQBUJD1eWda7DhBj6Z2siwE322RgCy598, 0xba37988e8170d2e45bd0340c07a5e9d9fbd11da1468639724d3b61952f5d928a, 1912698, 2326.0, 2023-03-11 07:49:00, balances, transfer_keep_alive
1912628-2, fVJ3yvboSLR3tMjQBUJD1eWda7DhBj6Z2siwE322RgCy598, 0x64426a7d91436e9f47616de50c094112ca1589bfb3deba51801607e95dbac03f, 1912628, 1659.0, 2023-03-11 07:34:24, balances, transfer_keep_alive
1912577-2, fVJ3yvboSLR3tMjQBUJD1eWda7DhBj6Z2siwE322RgCy598, 0x376d18bc8aa524203c4f3c33ff38d8e47f4a42129d7c2059c5be5e02e47264fc, 1912577, 1638.0, 2023-03-11 07:23:42, balances, transfer_keep_alive
1912058-2, fVJ3yvboSLR3tMjQBUJD1eWda7DhBj6Z2siwE322RgCy598, 0x386c990d1da690c0fe1d2dfa2885c45ced09ea9e6b1c859a88e13494d65be51c, 1912058, 3293.0, 2023-03-11 05:35:12, balances, transfer_keep_alive
1909820-2, hRZ7gKsYV6mDDDsv1eWThZbVuoXMKeXsNCSSasxy6NjE3aA, 0x4fe61647dfb6600c12c0e5ca83cd6f7a3ddd2e454460a09b2f2ac962cd9505a7, 1909820, 190.85, 2023-03-10 21:50:36, balances, transfer_keep_alive
1909756-2, hRZ7gKsYV6mDDDsv1eWThZbVuoXMKeXsNCSSasxy6NjE3aA, 0x029f794a1164606df24364f90625a6e3fa2fef722412db3cdebc8477a94c3c51, 1909756, 1.0, 2023-03-10 21:37:18, balances, transfer_keep_alive
1906440-2, dmTEFZ77m7WtJmd7PY6pMh111uTtW9jpwfwasTGsWKUGp5M, 0x170c3e583def5db1687ab12d808c9f6a3882a4c7d89efcf40ae90968a69924ed, 1906440, 1000.0, 2023-03-10 09:58:48, balances, transfer_keep_alive
1902205-2, hFG4qsMPcMBz3EwV5sv4pLEcunyLoBLzhgFdU57rQHnmiRZ, 0x7b83a06a28ef81e7c80ff5b22c2d61d5da6de8da7aee8ae3a883825bceea3cf5, 1902205, 5.0, 2023-03-09 19:18:54, balances, transfer_keep_alive
1902166-2, gm2iJeqiujU4bQ59Fite77yyCqCYnCQ9HBq9hQndD84xGZf, 0x309c71b623e39a071c5628264f18f16e0b2d871a5ba08c46915d679250b0667d, 1902166, 0.2, 2023-03-09 19:10:48, balances, transfer_keep_alive
1900591-2, djTxYi5XSdn2qQW2nSpunYhrUHtyRsdhJQ25yXg5Xi7ShZ8, 0x09535fd3c8fc891f74fd83d6935930c11992004b1025681b0795a450c4ea827c, 1900591, 1.9, 2023-03-09 13:44:24, balances, transfer_keep_alive
1896538-2, c6Z2FqaBudJ2W7qywvMpR3L4ePU8n8fok7UMBfb2GYeSsuv, 0x3f7ad99b7e744ac9305bb6d46069437ee36dfc4d1a8b3b47fb5f5983763701bf, 1896538, 720.0, 2023-03-08 23:53:06, balances, transfer_keep_alive
1896527-2, c6Z2FqaBudJ2W7qywvMpR3L4ePU8n8fok7UMBfb2GYeSsuv, 0x0428aefa4af8894e32607365ba6c3f97ff18f5cb2cc3d3f01a00a0839d3c77b9, 1896527, 2.0, 2023-03-08 23:50:48, balances, transfer_keep_alive
1896476-2, c6Z2FqaBudJ2W7qywvMpR3L4ePU8n8fok7UMBfb2GYeSsuv, 0x3732ef7b64fd69203f82a2d72772dccb29a5dccda77d9f1295cf17c142189f69, 1896476, 1.0, 2023-03-08 23:40:30, balances, transfer_keep_alive
1896437-2, c6Z2FqaBudJ2W7qywvMpR3L4ePU8n8fok7UMBfb2GYeSsuv, 0x226ca1a99bef82162ea791f09937089902c2e2815ff65875c48595be79c073fd, 1896437, 1.0, 2023-03-08 23:32:18, balances, transfer_keep_alive
1893174-2, dBAWoLyYafTGGuZ32bvdCo626Q5ry1vTGCAUTY8yJ5aErxE, 0x62c061ea182e98c4d240eb3d8e1d00a0b2157092fa06e2f2eb9dc69bb36c8a7c, 1893174, 1.0, 2023-03-08 12:27:36, balances, transfer_keep_alive
1893170-2, dBAWoLyYafTGGuZ32bvdCo626Q5ry1vTGCAUTY8yJ5aErxE, 0x19bd53ec9d4e0357593f204720d28b7f3782cd84d25eaa143400c2655354c47c, 1893170, 1.0, 2023-03-08 12:26:48, balances, transfer_keep_alive
1893168-2, dBAWoLyYafTGGuZ32bvdCo626Q5ry1vTGCAUTY8yJ5aErxE, 0x279dadb8b8ccd2c61b79224be3a1d16b73b8ccf450d82bb5cb4b5fb8d5aedae0, 1893168, 1.0, 2023-03-08 12:26:24, balances, transfer_keep_alive
1891260-2, daevqwb9UUY3Dp8T1uXTUoabjUs3Nj43iesQH5P9Pj1eosC, 0x2ded2f1d668dd37cd469224dff9daa9e33bca61129873e7e2837a6995d01bffc, 1891260, 2.0, 2023-03-08 06:00:18, balances, transfer_keep_alive
1887084-2, eVeD4v35u2qNjnstzDHNGKaHFaaDBwJ1XJ9e6Csy8FqS45L, 0x3db8d95e1216cba657d2cae472cfa8cd3706dd052566f3be375f59d90efde133, 1887084, 262.0, 2023-03-07 15:50:30, balances, transfer_keep_alive
1885911-2, fY4UP2BTqmQ555tNB747XmbYi6omUanaVhecG12GRQS46zD, 0xbbc91683eba1145c4224d48684cb76e45673ea974e82b3c551e88eee1e05c424, 1885911, 29.0, 2023-03-07 11:53:24, balances, transfer_keep_alive
1880949-2, fiCX4YFWTd5sW3UaRENQvoECLpGXiBkykhLvst2DKrL6eX4, 0xc15711e77823a0c8e03d5631166de122f6bd0ce00051eeaf17e6ca80a673936d, 1880949, 82.0, 2023-03-06 19:04:36, balances, transfer_keep_alive
