3239237-2, p8CQCFZ1hZpRG4NGhtqKJRMsAaTjtQqC95BLnEXyfLdHsG3wU, 0xb9cf07fa184b133702e42a0341491e341c660e49839f5f056c6b1a956aa38adc, 3239237, 69.0, 2023-04-05 07:59:36, balances, transfer_keep_alive
3239181-2, p8FXSw5NiZRfjwpYsCYG9JzodnGAomj545CdrnRdy9bBfNPjw, 0xe962f7bd69e3af111c98ede14a0605d78381ac8a07c6e65286115935126de851, 3239181, 15.0, 2023-04-05 07:48:24, balances, transfer_keep_alive
3238527-2, p8BJzLBQEDXZ9Hi7CM3ERCtAi3gcPHkxwo3eqXP4JV4wtkaLg, 0x8322d7a9bf9c6d4bda7c0867fc7a225fecc70ad62af5658f851b7c272a64dbb7, 3238527, 4.0, 2023-04-05 05:36:12, balances, transfer_keep_alive
3238522-2, p8BxHoCXLWy39KGLrYLpYGCJtKzBUvUVXXudmdinPrgF7Btbw, 0xb99acffaaf18308508e7608cbd984c2e1490e77a244651c43faee85b9ed76c6e, 3238522, 21.0, 2023-04-05 05:35:12, balances, transfer_keep_alive
3238518-2, p8EewmgyZhNYCraraG6coqFowowK9GGxjL15wQXfBu9uAYKp9, 0x99e305dbb7eebfca5fcde7221449f3e26845cbc9bf4781c164c8b813357ead45, 3238518, 4.0, 2023-04-05 05:34:24, balances, transfer_keep_alive
3238515-2, p8FLqBmpW6cUiNY8WZms1DzUtupTqUfCAC7ZWDDQYRVg9zm4r, 0x17b2a2a5146fcd81f1ebb248318afd3523571874316373512bee6ae25072b756, 3238515, 15.0, 2023-04-05 05:33:48, balances, transfer_keep_alive
3238511-2, p8B8dK6BF6Hw7uJpGFZVXGnYtcCXg58jbRWmRs2nv62UyzDwS, 0x1557489dcad1233a201ad0fb523ec5213fb0b2960424b95526c41edb9a8de802, 3238511, 15.0, 2023-04-05 05:33:00, balances, transfer_keep_alive
3238507-2, p8CpCwADdxsjHaB4H9CojxTneVtaNAWJtJZQ2xAYXVwpikWBn, 0xd9c2d4caac0dcfabc114f73df99e2398715a1870af9ab19845ab13fa30447179, 3238507, 11.0, 2023-04-05 05:32:12, balances, transfer_keep_alive
3238007-2, p8FFj5jNT2XBpeEUWFcUcbXR1DZdR9kJ7CBAbJtJoBy3o3gma, 0x51b3d887b80fb50eb8591b86c9e0da20c82ac6f673877373253a85bb7ed84408, 3238007, 58.0, 2023-04-05 03:51:00, balances, transfer_keep_alive
3237873-2, p8EnncRCxsRCvYtmXzu55ednJ2TxVeFSQ7HKjvAyueLNzffqk, 0x034421a63f0e16362059a8be18d94746c778933f9eb021d4b541af6a381c5013, 3237873, 27.89788, 2023-04-05 03:23:42, balances, transfer_keep_alive
3236823-2, p8BQs2UYcfbZb4yNZ52gDiymmWQMZtRWX814cP8W65qNnCKXR, 0xaddf9f0065f04895b753ea92a0c4044ee9e2b2a50c3ea42f1a5cfdb6654ed3c6, 3236823, 23.23963, 2023-04-04 23:51:00, balances, transfer_keep_alive
3235538-2, p8DXn7koyFzKp4B7dWaggjdQUkpec3q16LravX5hRcFHXVTCN, 0xa9773967657bcdd865da78d30617c4d62d08ca9cdbf9d24c5b9ac20bb7846e5d, 3235538, 68900.0, 2023-04-04 19:31:18, balances, transfer_keep_alive
3235518-2, p8DXn7koyFzKp4B7dWaggjdQUkpec3q16LravX5hRcFHXVTCN, 0x21a1988e19fbc92096669f5eb7ed67aa7f1415eba95118fcba1dcd217aa31e62, 3235518, 60.0, 2023-04-04 19:27:12, balances, transfer_keep_alive
3234943-2, p8G7cejr8GopWCH7LF7CMdjHpwdcxRGMkofyHFJUCLSwDwnxX, 0xa5b9efbae19303673c1935f12980e3cadd756e3f68ae0da933c012ef75141d47, 3234943, 3.0, 2023-04-04 17:29:30, balances, transfer_keep_alive
3233765-2, p8GXPdt8tdrtgH6ZegDVpHwazHA7KrLuYM4JbdTxRo3we1hUK, 0xbc2b861c65e60e15585b94c1604544e066ac51fbfdf3693e993022f9eadfb536, 3233765, 2.0, 2023-04-04 13:31:36, balances, transfer_keep_alive
3233462-2, p8BQs2UYcfbZb4yNZ52gDiymmWQMZtRWX814cP8W65qNnCKXR, 0x5a4f5e6a3edf7d7a8ecefc76f3f30cab94570b7862eef2e8b53b9d28bfbf4151, 3233462, 71.32287, 2023-04-04 12:30:30, balances, transfer_keep_alive
3232756-2, p8BMD5hMbPcDhqVz7b1pBbbTSzUW7Xj8TzQ4PU6yToR5493Lk, 0xae0d9096edff89aa790c7b9ad1b146b2c3af837e482b126dfaa3bf946a7015d1, 3232756, 81.13368, 2023-04-04 10:07:54, balances, transfer_keep_alive
3232508-2, p8BNE37CBuwH6huyC4CSg6iUokV6bWMSPa3rin5dfqt2YQe4K, 0x9817b9ec71eb52b5b63c30cabd4b692129b0ac783023db80a2d503532b922b7a, 3232508, 975.48924, 2023-04-04 09:17:18, balances, transfer_keep_alive
3232008-2, p8GLtGabGfN8VfCi5rUbq1G7Tm9MfpNKAnh7KPXvchE5HK5xn, 0x2f18056842782b115a72b1914503d9667834c91a6392969e6daa319f7bd817e5, 3232008, 1000.0, 2023-04-04 07:36:42, balances, transfer_keep_alive
3231897-2, p8CQCFZ1hZpRG4NGhtqKJRMsAaTjtQqC95BLnEXyfLdHsG3wU, 0x128868f7444bd2fe48d156d2832fc7dbe31b7143964046a83de2f50d58ef1bd3, 3231897, 65.3, 2023-04-04 07:14:12, balances, transfer_keep_alive
3231661-2, p8FeN6nVbuHjCFSX5ne6LvrHZkyq8Ew3qoTqPzit6kACvUUMb, 0xf185cb14139110da835af0ee8a060facd3ace62eeaf1607c68b31d0c892b61ac, 3231661, 100.0, 2023-04-04 06:26:06, balances, transfer_keep_alive
3230745-2, p8EAmoEZyuqfWYm4hp8GvmXp2fGKa5hWYBUyZNDP5aebXVES2, 0xd8bc1b4a3361b96eb3c6057f5973197fbd5853451721b47a2a8de76ee59894d6, 3230745, 150.0, 2023-04-04 03:19:18, balances, transfer_keep_alive
3230243-2, p8CypG9Ra6iNXgJZ6Jz8oueNMg72Tv23kSejsrU4eYxCTVaut, 0x31c84af09236a924078505ef60770d899512b56280a1671d156c1beeaac9e304, 3230243, 24.0, 2023-04-04 01:36:36, balances, transfer_keep_alive
3227382-2, p8BVQJa6PFjaDWdNi2nkLmisvpmd8SiRf9dguc3xdPs11M4aM, 0xc955f9e436a80003d19106ae425b1e07fd89a29ed80be612119dd1bf8ddf21f1, 3227382, 11040.02106, 2023-04-03 15:58:18, balances, transfer_keep_alive
3224941-2, p8CQCFZ1hZpRG4NGhtqKJRMsAaTjtQqC95BLnEXyfLdHsG3wU, 0x4eb1441a8ee43eae9b16432239afacfd49486a299f508639a227f1b68eff430a, 3224941, 62.9, 2023-04-03 07:46:48, balances, transfer_keep_alive
3223251-2, p8BQs2UYcfbZb4yNZ52gDiymmWQMZtRWX814cP8W65qNnCKXR, 0x67825dc4d17c1bf7fdfbf2254ee3eac8bee7424f78baca4a1fedb2834b4f6605, 3223251, 49.16515, 2023-04-03 02:05:30, balances, transfer_keep_alive
3222382-2, p8BVQJa6PFjaDWdNi2nkLmisvpmd8SiRf9dguc3xdPs11M4aM, 0xcbd1d94040160aee507a5d3ed6730abcbb16e60511ad61ef0992ad2876e9c962, 3222382, 1319.50184, 2023-04-02 23:09:06, balances, transfer_keep_alive
3222206-2, p8CwpetmJx81LjhDU2HcN4QzVG6rmBwE6vbgQrZ9hWaUuBHqy, 0x5c573354003b364bab6869700e8cb1de35488131c0b18f99455e96a5aa02f8cb, 3222206, 2.0, 2023-04-02 22:33:36, balances, transfer_keep_alive
3221568-2, p8GXPdt8tdrtgH6ZegDVpHwazHA7KrLuYM4JbdTxRo3we1hUK, 0x3cde253f2cbae6e65dfd53a6fd29b168dce5b20df21cae74a3fb93247a745961, 3221568, 12.0, 2023-04-02 20:25:18, balances, transfer_keep_alive
3221532-2, p8CypG9Ra6iNXgJZ6Jz8oueNMg72Tv23kSejsrU4eYxCTVaut, 0x0a82ae6b4fbb35e32abe2546288ff7c28c838935e6dbb156093aec661bb9827b, 3221532, 37.0, 2023-04-02 20:18:00, balances, transfer_keep_alive
3220550-2, p8G4vzgiHyrQumNicbRXnmHYhctUQPXTqjAPMkqkCX7KSHkAZ, 0xd1b383e9535cde1d5e407e2ec6d55200b326c23e64c6dd34ae1231f56e6174fa, 3220550, 59.6938, 2023-04-02 17:00:00, balances, transfer_keep_alive
3220444-2, p8G1tUYMRMt2AisJLEvQ2tgwXWjij7n4EzGcQcDQjddSh9ihP, 0xfc9c3144601cfaf383c74e2a6c0dbead1395c7f4bc159d28c89ebd845afbf523, 3220444, 84.0, 2023-04-02 16:38:36, balances, transfer_keep_alive
3220159-2, p8G8rveTSY9S1r8f9Xdd73MsmrfKEAUY9vyyi7QTs2uutLzWc, 0x23dc8824f6fe70b2822f2558258120b1eb7a5b2dccec0c2643204b2fd46eddac, 3220159, 23.0, 2023-04-02 15:40:30, balances, transfer_keep_alive
3219924-2, p8CwmBsKYT8xqHjZbpDPx4wGjYN37MW6A7H9FhGppFMBGp9Bt, 0x2763a401f69f8d0f8d92a4cec871e7a2e366cae893e69b47a23f97673c149181, 3219924, 3700.0, 2023-04-02 14:53:18, balances, transfer_keep_alive
3219665-2, p8E78KVqR1L1SAXVw1kETn5SHvLSvvcSsp5NPGxJ8e5QXwJMd, 0xa87eea00358175f102195b6463c19bb7163103c60134e9c8d735a5989d6e993d, 3219665, 100003.91295, 2023-04-02 14:01:06, balances, transfer_keep_alive
3219395-3, p8D7hkRVPuPAVypJVvxZ93cqGNewzscV4FxJWpQJBxxT9D6ob, 0x08083c5f249c57e974d6ec84fe7e9f5ef6e7782bf06c876ec61cbddd62f0451f, 3219395, 10.0, 2023-04-02 13:06:12, balances, transfer_keep_alive
3219395-2, p8CvzdkX3hhAY7j8Xd3X77Za7fCQgUSHyb2jmLB7x4YCZrRBy, 0x98ab6a953e1b139a57180329b5c107d8b931fa82a031aa38aaf1f866c9a50c15, 3219395, 125.0, 2023-04-02 13:06:12, balances, transfer_keep_alive
3219389-2, p8BpDfdasgWesrjZGUEtuob2eYPeEap9ASLzURaVB5CS5sWfg, 0xa2740f4d40e0a9c29926d99327b042b87879e0cc172b2d999c0d2462794aea28, 3219389, 1.0, 2023-04-02 13:05:00, balances, transfer_keep_alive
3219108-2, p8BKAAcWjqyGf1q27GX4rSJG7UghJw5p9x4HCvY4drEacHotn, 0x4a2bd2651f26575df38c3c44561debc03dffcde1f5a48177dee0c65a31e17a83, 3219108, 1716.12166, 2023-04-02 12:08:36, balances, transfer_keep_alive
3218258-2, p8CQCFZ1hZpRG4NGhtqKJRMsAaTjtQqC95BLnEXyfLdHsG3wU, 0xca53c095b64c4c5f0ecec9a661c1615d84b39f4826e20ea814f57a88ffd0f975, 3218258, 31.0, 2023-04-02 09:17:36, balances, transfer_keep_alive
3218172-2, p8Ax492n5ZEs4CVELAAS5SQWDjqV4LJpGMhxUTGN2vdwoAZyB, 0x730155a4c6ebdb244ab055ff41ea42d23ba0d4a19f90c0575cfc21362b1d531f, 3218172, 79.379, 2023-04-02 09:00:06, balances, transfer_keep_alive
3218168-2, p8Ax492n5ZEs4CVELAAS5SQWDjqV4LJpGMhxUTGN2vdwoAZyB, 0xa6c5fca37b73cd2ea5a7bd430d53d0c0b69fa7dd9da94292ab61cd3e6549293f, 3218168, 79.526, 2023-04-02 08:59:18, balances, transfer_keep_alive
3216267-2, p8BQs2UYcfbZb4yNZ52gDiymmWQMZtRWX814cP8W65qNnCKXR, 0x14b6da0caa2bbf0dcb7e03b6b9d11b8952ec30c13aaaef4bf24a285a5f108a7d, 3216267, 48.78626, 2023-04-02 02:36:06, balances, transfer_keep_alive
3216175-2, p8G7Xxi6iqdm4XMrkRZwikn8UybaxK8rqrR2f8Ei8jAq343cZ, 0x43663dbd2c8058a60244c702f5ea2e9b0f26303e59e75c65ff3415ed7b253010, 3216175, 3600.0, 2023-04-02 02:17:36, balances, transfer_keep_alive
3215781-2, p8C695bRTE5HuER4KNWtAuEtenVSp57J1qi2rfKggKUSCvs2Y, 0x34170b48ec542d39e35850f5cc8ffb7f14a602fcc534b313e23370767bcd8b6d, 3215781, 1500.0, 2023-04-02 00:57:06, balances, transfer_keep_alive
3214928-2, p8CQCFZ1hZpRG4NGhtqKJRMsAaTjtQqC95BLnEXyfLdHsG3wU, 0x81e8c545b04779543fc0a68da9ba04d7d1b91c8f7902971e74a077150d19a0af, 3214928, 39.3, 2023-04-01 22:05:00, balances, transfer_keep_alive
3212823-2, p8FpthtzSRLWbgLBZryfKRFHSyU4SUKNZ28Bhbfsm2JCc4isB, 0x7fb240e569dc4f5e31dbed983e263e11a2a799a5e261579d9061be99d7e703ad, 3212823, 24700.0, 2023-04-01 14:58:42, balances, transfer_keep_alive
3212797-2, p8FpthtzSRLWbgLBZryfKRFHSyU4SUKNZ28Bhbfsm2JCc4isB, 0xba5383dfcef1c93345a6b451a03a66950ec3396f7496dd4c429a00e81cc7c11d, 3212797, 100.0, 2023-04-01 14:53:30, balances, transfer_keep_alive
3212788-2, p8CMQV7Usq8TTUxacktrQXM8u3Qm5Nncy4RK5FWBV5rEeJpty, 0x12636fc5f0bf526112cbce0e1955b0efffbbf9bf602b01d0fc8fbc3c6901ac49, 3212788, 24800.0, 2023-04-01 14:51:42, balances, transfer_keep_alive
3212717-2, p8FpthtzSRLWbgLBZryfKRFHSyU4SUKNZ28Bhbfsm2JCc4isB, 0xb5797626bb831cfc73d0b204061dd4747123a41c33d7bfd6cfafb629c1759dec, 3212717, 3.0, 2023-04-01 14:37:30, balances, transfer_keep_alive
3211503-2, p8GfCzX6XMt349cNkFQtbYp6BZ5iRUCJWAaiXka5fTiWnVUDi, 0xea9c086c938886207eebfc5e33517fdcb5659dd6d6a2b621e5450ad92fdc7808, 3211503, 27.39757, 2023-04-01 10:33:12, balances, transfer_keep_alive
3211496-2, p8CrQtx5GMxc57eXhwRH39drhUHBoPC9WGcPkbf7XrNzWL3qp, 0xc777decab681e534cccf3573ddfc636314acc7a992567d2968bfc62691ebbbaa, 3211496, 133.53088, 2023-04-01 10:31:48, balances, transfer_keep_alive
3211103-2, p8GeFZLRrfJBmaQjmgWsDc4Dqkjr6QeamNGBzs26ijrPAjyci, 0x7770e0bd9d2438cf0c2d380c761cc812373782dda0f569ea7c8639286d8eb09e, 3211103, 100.0, 2023-04-01 09:13:00, balances, transfer_keep_alive
3210740-2, p8CQCFZ1hZpRG4NGhtqKJRMsAaTjtQqC95BLnEXyfLdHsG3wU, 0xeac8a26aea1537c1af0977daac91748b52bade06c29c2322aa3c36bd2f019be7, 3210740, 93.6, 2023-04-01 07:59:18, balances, transfer_keep_alive
3209741-4, p8DyrXWT9uvY4GUyaftoujwGTp9dVKZAn7UjbkiLEF31pwE67, 0xc28ddcbb2d27d48335b370d690cd93dc976055dd112074b3a47e1d8c6d0c241d, 3209741, 1300.0, 2023-04-01 04:38:12, balances, transfer_keep_alive
3209740-2, p8F4XYyW14tEztUUAnxhEsPtZXcA5NwHeAyWryffeja9TarYt, 0x41b5834fd3fedb30c8b54d1d6cf3de9039c509b5c46e6278f95d1b9f4c964c8e, 3209740, 200.0, 2023-04-01 04:38:00, balances, transfer_keep_alive
3209739-2, p8DqoFLhAGtyTQevSXjD9eSUXdCTphiDd3RazBFTvoUhikfq6, 0x342e805dfd7d915695dcee95c8b959151b5587e35965e60a8df2525fa3d2edb5, 3209739, 1460.0, 2023-04-01 04:37:48, balances, transfer_keep_alive
3209556-2, p8DSevE2xZzYLC5nUgjXHnJ8vbXHJhYF4vie4po8QeCQdrjKr, 0x741f4c28c2d7cc1887e99b4c6fac7e8320d0f02085da162aa3c490d261bea3ec, 3209556, 230.0, 2023-04-01 04:00:54, balances, transfer_keep_alive
3209195-2, p8BQs2UYcfbZb4yNZ52gDiymmWQMZtRWX814cP8W65qNnCKXR, 0xea20920b9491d40d65abac9324b11f020d8a32fad33b5cc2a9ccbd88e4a90f0d, 3209195, 101.85815, 2023-04-01 02:48:18, balances, transfer_keep_alive
3208911-2, p8EAmoEZyuqfWYm4hp8GvmXp2fGKa5hWYBUyZNDP5aebXVES2, 0x399a301342f9c9e79d5499707ef33d0ca8233ccd8a3d9e2abf6231853bf9b5f8, 3208911, 80000.0, 2023-04-01 01:51:12, balances, transfer_keep_alive
3208193-2, p8CypG9Ra6iNXgJZ6Jz8oueNMg72Tv23kSejsrU4eYxCTVaut, 0xf929cf9d9e6056d60ce050c72e0c4e94825e1b80118cfe21a4d6ffc946d7e19d, 3208193, 18.5, 2023-03-31 23:24:48, balances, transfer_keep_alive
3207379-2, p8Fkk5ZS69SRYz9qcvLn6BH51fQzqJH6qanaz8poVucnAbqr4, 0x2b46ba7a25428090de2fed239a2172e8c836b595e10beaa15edd3903f3a5c7be, 3207379, 149.36295, 2023-03-31 20:40:12, balances, transfer_keep_alive
3204486-2, p8Co7BGPMLzQciiugJoYGMMqhANTn9e1omJqSjSLSLtcQHudV, 0x181f00778e3fd75121430b816e0a784a45eba3967b59b25a6ee6a6050596845c, 3204486, 50.0, 2023-03-31 10:56:24, balances, transfer_keep_alive
3202551-2, p8FwJPA8NCZbYYbkzTvY6c1DrCqyqe6UxRhdpWiU9D2N8McRG, 0xb46e2d43a95efc3fb2a99e6a87eac96ad4f0b312eb5be5118812e325299f00e6, 3202551, 34.0, 2023-03-31 04:25:42, balances, transfer_keep_alive
3202032-2, p8CSFqpqupT9yM6wNocKMqCagB2oTS5pdf6DKvzRinbKngQZB, 0xbc222fcaae2369541d96277e06ade977672f75c09cca12bc7ca7f26271cf6bee, 3202032, 12500000.0, 2023-03-31 02:40:06, balances, transfer_keep_alive
3201810-2, p8BoXrMB45XKgyggVkCkoyW86yzRsgfjCArKKbAfhCdRU4Uyt, 0x5b71cd1d7912c10fc200a90f463c03b7ea703c7b9b7b99c3e096c34b4aca2942, 3201810, 235.10746, 2023-03-31 01:54:18, balances, transfer_keep_alive
3201789-2, p8BMD5hMbPcDhqVz7b1pBbbTSzUW7Xj8TzQ4PU6yToR5493Lk, 0xd5346362b4f349047d2aff7262782aae0cda68ed1489ab7b715a41a24552c3a1, 3201789, 121.26625, 2023-03-31 01:50:06, balances, transfer_keep_alive
3201740-2, p8F4yYb4Egjaza16JycH631NKQBBZLE8yd9WQgrDqtSPBsrEP, 0x134bc2734efd6e54c9204ed4bafd024be05e35a51e4d04c4aedb6455183eec35, 3201740, 100.0, 2023-03-31 01:40:18, balances, transfer_keep_alive
3201335-2, p8CypG9Ra6iNXgJZ6Jz8oueNMg72Tv23kSejsrU4eYxCTVaut, 0x08afa5cbc429aafc981d611861f228cdc347a8c1934f9bd91a40dd489a6adba2, 3201335, 21.0, 2023-03-31 00:16:24, balances, transfer_keep_alive
3200783-2, p8CQCFZ1hZpRG4NGhtqKJRMsAaTjtQqC95BLnEXyfLdHsG3wU, 0x154d4a36dadf9d0729ee5731850ccabff7fa4e0f7038ef24f06bbfb5fab9e5dd, 3200783, 66.9, 2023-03-30 22:24:36, balances, transfer_keep_alive
3200424-2, p8FFdKjBHKHdCHYDkKmz7Jk5ikdtR7vTJK7SP7RcwQRuAkuYU, 0x2c8a81c799647baee4a35865d19eacd2d6fd91cfbc9ab1317fdf52fa4a086c06, 3200424, 489.02561, 2023-03-30 21:12:42, balances, transfer_keep_alive
3200241-2, p8BmJ78u3ixrwwSDdbd5WDfrozyLxnHLY5hub6C8jZTX9iGiA, 0x0b217ee6c1844e062ae6222e2de058066989a5c1fda11c1de8836516f0f109be, 3200241, 30.0, 2023-03-30 20:35:36, balances, transfer_keep_alive
3197471-2, p8AxqG3TEezR6gdtAwnS4iFe36HSMmLp4FtzGgVuKmCZdYrik, 0x2a1974c7778f8b1ffbc6dd2c0cc2676a63fc5ecc3b31c245a6e094d8c5d417b5, 3197471, 2.0, 2023-03-30 11:09:24, balances, transfer_keep_alive
3197118-2, p8FCehhH9RAHeaBckxgk2GPmP3bS8KZVLQ96sHyna3MEdS5ew, 0x1331a143e2270152540817f1b870b37b71a9b7761278c6223a39c21a7e7aec31, 3197118, 55.90972, 2023-03-30 09:58:18, balances, transfer_keep_alive
3194632-2, p8BQs2UYcfbZb4yNZ52gDiymmWQMZtRWX814cP8W65qNnCKXR, 0x011f7674b6d791846bd2e10492c22bd75fdeacf8609f0a5a6ac11c9f4ba5c8d9, 3194632, 53.96435, 2023-03-30 01:37:18, balances, transfer_keep_alive
3193937-2, p8CypG9Ra6iNXgJZ6Jz8oueNMg72Tv23kSejsrU4eYxCTVaut, 0xa627452b4141a0b772fb124f1ea514f8448f361341734c06193dd109520755db, 3193937, 17.0, 2023-03-29 23:16:30, balances, transfer_keep_alive
3193837-2, p8EAmoEZyuqfWYm4hp8GvmXp2fGKa5hWYBUyZNDP5aebXVES2, 0xc885aa06938d817653934131d16a8edf148fb356e4d4869a5cd74511a192c044, 3193837, 21508.0, 2023-03-29 22:56:18, balances, transfer_keep_alive
3193673-2, p8CQCFZ1hZpRG4NGhtqKJRMsAaTjtQqC95BLnEXyfLdHsG3wU, 0xca1af8357ad11956339496082d040913fed91ffe38aa2be8334e751913c5cc64, 3193673, 67.2, 2023-03-29 22:23:18, balances, transfer_keep_alive
3193306-2, p8CQcfKeKqH3fLmtmfQLxiPvqB7EgYThjFj4RWUwN5g7pwEN3, 0xfc033c73a22c20e95656ced23440ae1418c220a12b076080154e9b762b94a2e2, 3193306, 2942.57739, 2023-03-29 21:08:42, balances, transfer_keep_alive
3193234-2, p8CQcfKeKqH3fLmtmfQLxiPvqB7EgYThjFj4RWUwN5g7pwEN3, 0x4538a815bb1780b728b8c601c2cf635d49841619bdd210f9403619729a9facc2, 3193234, 100.0, 2023-03-29 20:54:18, balances, transfer_keep_alive
3192177-2, p8DyMXeYngTzwUsS6pFE9HoN4eyxxuTTzeqtBgSCBFb9C9NNG, 0x0c5b8bb470a60beff0c4e23e37d19a3539a5a2b3781efad326557d8ed80de39b, 3192177, 1957.04219, 2023-03-29 17:21:18, balances, transfer_keep_alive
3192157-2, p8DyMXeYngTzwUsS6pFE9HoN4eyxxuTTzeqtBgSCBFb9C9NNG, 0xc3c4f68da8f94f8a872430042be35a48a2ebe44555b630709172ae56c60fcd03, 3192157, 1957.57607, 2023-03-29 17:17:06, balances, transfer_keep_alive
3191970-2, p8CDBt8363V9w5TpcG7irSknAUTsh8DU5YbQGErRvgm74NbVH, 0x1668df1d881f22c42ddf28836506f69a9ac2cabc1be8b1ce432cb29a1b4545b9, 3191970, 4.03489, 2023-03-29 16:39:36, balances, transfer_keep_alive
3191408-2, p8FX2eVdo4XAoZYDhFSoUkQviWKQgcDbkiRLu89RCjRLQof3B, 0x11ef5ec4f2bf1057352ead8368c3cc890862383bac982038cfae2111c1f083c5, 3191408, 500.0, 2023-03-29 14:45:24, balances, transfer_keep_alive
3190754-2, p8G7HrfT7gyuQUvfMSZiH7waeNJ6NWnxq6dh8gvgJmdGNbitc, 0x593141ff71655bfc02bff54f22bb5d7a1aa2cb993bc685ca90026437fcab26dc, 3190754, 104.0, 2023-03-29 12:31:30, balances, transfer_keep_alive
3189910-2, p8Dii9hPCF321w8xsdBG4Dq8i1Qv4brfBHvZM5DSepeik5zLw, 0x526fcdbde9d6f75456ae61b9f1bd63e124028596079c01653164bec7c30ab825, 3189910, 100000.0, 2023-03-29 09:41:24, balances, transfer_keep_alive
3188804-2, p8EnwggtXvnLw8DJnnpkNqwGrw3wQSfRXqKqMGJfBzGnvZGta, 0x561dc882e9160b97e32637b24066f64db2ce61947033ae821909f5d64f155c34, 3188804, 425.67111, 2023-03-29 05:57:42, balances, transfer_keep_alive
3188590-2, p8EAmoEZyuqfWYm4hp8GvmXp2fGKa5hWYBUyZNDP5aebXVES2, 0x942b34dce352daf53d4d01c29b03f4b64900c1eb009a0d811dd7e5112d5fef2b, 3188590, 50000.0, 2023-03-29 05:14:36, balances, transfer_keep_alive
3187603-2, p8CypG9Ra6iNXgJZ6Jz8oueNMg72Tv23kSejsrU4eYxCTVaut, 0x6b71ef195817ff5e8702b49f4ea09ef975fb9ff7ca542ff0ca65e4753604f133, 3187603, 21.0, 2023-03-29 01:54:12, balances, transfer_keep_alive
3186896-2, p8BQs2UYcfbZb4yNZ52gDiymmWQMZtRWX814cP8W65qNnCKXR, 0xa5f2f79e47cd5a7c3976aa82f61d87d3178279d1a853ced6988aabd3c90b1060, 3186896, 49.89485, 2023-03-28 23:28:18, balances, transfer_keep_alive
3186734-2, p8Bg9hQxcGbLQQM7iWj3Lxqxy1YzN75aMaWpHwKJ2nA4DxsJU, 0x569d1a1654eebc7917bf16e2a4aed7d5c9724ed47a8d3a80b75d77e97a70f52f, 3186734, 10.0, 2023-03-28 22:55:48, balances, transfer_keep_alive
3186514-2, p8CQCFZ1hZpRG4NGhtqKJRMsAaTjtQqC95BLnEXyfLdHsG3wU, 0x3cd2ee06ec4f633837a6e44ae54d77ffecd5d734677ac482b4d0fb204b18b5dc, 3186514, 66.9, 2023-03-28 22:11:24, balances, transfer_keep_alive
3184339-2, p8DGW1CTJ71KnjNUr8gTbhCtRd4GpvtAz5wpvUwoyCeoLrJfg, 0x6d1dccc9b63eabb37539d69c01967a18aa91f473b1d91483394867bf9d2a9356, 3184339, 469410.0, 2023-03-28 14:51:12, balances, transfer_keep_alive
3184283-2, p8DGW1CTJ71KnjNUr8gTbhCtRd4GpvtAz5wpvUwoyCeoLrJfg, 0xdaadcc5aa23bb69008eab03fb650f183e1a3011304c72822b816c46a653f041b, 3184283, 10.0, 2023-03-28 14:39:54, balances, transfer_keep_alive
3183129-2, p8C6Qu8BNWryR9iezRTLXXjAkJ7q9vUgp1VYgJrM4Si6GMifC, 0xd71340a2fb6c7a52d46ab29d6f01af44a25a38f8639f34ca447e0206c739f53f, 3183129, 60.0, 2023-03-28 10:47:36, balances, transfer_keep_alive
3182776-2, p8Cz6vDd8EwxuJrE3sMNdhXvfw2dfH9m2y2389vA4YJqomvrF, 0x12d43da8605c16aeac7335b33e89eaa06c03e4a2704a2759e84d3376f2f73e63, 3182776, 68.0, 2023-03-28 09:36:36, balances, transfer_keep_alive
3180706-2, p8F4UqUAcZjUjRFFAY2r8WKaWGBdcL2abTQpYu5scfUL7vcPr, 0x72ef7111524257e2e2dfa00f03ecee0ac8d4839de7ca55a92103db0f9e2794aa, 3180706, 1259.85301, 2023-03-28 02:38:06, balances, transfer_keep_alive
3180357-2, p8F4UqUAcZjUjRFFAY2r8WKaWGBdcL2abTQpYu5scfUL7vcPr, 0x572a8e94f23ea50d27e67728876702aaed00ae36791a028caba7afc938324ef3, 3180357, 1000.7389, 2023-03-28 01:27:54, balances, transfer_keep_alive
3179843-2, p8CypG9Ra6iNXgJZ6Jz8oueNMg72Tv23kSejsrU4eYxCTVaut, 0x0f0bdbc04dcd6881d9c0800a69465862fd4ec59c51c5fad8071741b77bb2fc00, 3179843, 28.0, 2023-03-27 23:44:20, balances, transfer_keep_alive
3179735-2, p8BQs2UYcfbZb4yNZ52gDiymmWQMZtRWX814cP8W65qNnCKXR, 0x54c4fd2ee2fc71bfc8153fa8e2b3dd7736960396c1f92bd2dff9e5bb99ffe567, 3179735, 69.82838, 2023-03-27 23:22:42, balances, transfer_keep_alive
3179458-2, p8Dii9hPCF321w8xsdBG4Dq8i1Qv4brfBHvZM5DSepeik5zLw, 0x31523f067259d635be87921bcfb427c5fd41922f162525e305cbbeb52ef6e76b, 3179458, 10.0, 2023-03-27 22:26:42, balances, transfer_keep_alive
3179406-2, p8CQCFZ1hZpRG4NGhtqKJRMsAaTjtQqC95BLnEXyfLdHsG3wU, 0x7393930974216172c01b4285824d332de228f0aee51221c2096e2bbd20a0db21, 3179406, 67.5, 2023-03-27 22:16:18, balances, transfer_keep_alive
3178007-2, p8EAkbSJB2qThpSRHMCVbG2djDdSz6WV7zJe8QNoZiMbf99Ry, 0x67efec69e9c77b02f124ef73d21781064d82f5b3cfd1a3ff033ed221384dca0f, 3178007, 80.0, 2023-03-27 17:31:36, balances, transfer_keep_alive
3177413-2, p8EXWDMv6CuBD3u1B794eRdogU618U8W1WymjYSXQB9uWiX1S, 0x7c0f5b628317dfd92cc386c458fa76b591ccf1cc87de6c8e5a0fe700949643a4, 3177413, 3856.61482, 2023-03-27 15:31:54, balances, transfer_keep_alive
3173142-2, p8EcqSnv7PGzPVSa1h7bc57b1ocuDoCr6P4VtKR8YdJXDE62k, 0x774b987cd43850571c25085056ecfa2a4a13206a3c6c7f8b8cd33470a0a8dc5f, 3173142, 374.18907, 2023-03-27 01:11:18, balances, transfer_keep_alive
3172481-2, p8CzS93He76nQNMDFeRWRSnmVrrjWUZZTMVQSNyANZWu16GfZ, 0x825b2c77784ae4a32e34952f420f7ffc88ba3bc253e63020d0ae6161f46094b0, 3172481, 10.0, 2023-03-26 22:57:48, balances, transfer_keep_alive
3172325-2, p8DvwVmPBZQPxwkke8ozAhBCas3AXJnKMcSuFHTkpjtfvDVui, 0x3e848f65d93c9e458f223c84c9a2d1a4cf4b75fb13b215646f9a3276d2524206, 3172325, 10.0, 2023-03-26 22:26:24, balances, transfer_keep_alive
3172207-2, p8CQCFZ1hZpRG4NGhtqKJRMsAaTjtQqC95BLnEXyfLdHsG3wU, 0xdf175d2991f61f6f03a60ed29b2a7e6ffe36e988ca1a60eae98db17611894424, 3172207, 66.2, 2023-03-26 22:02:36, balances, transfer_keep_alive
3171993-2, p8DogoAZa6LnAZe6A8R5QmKFphjewQcSMbY4ar9t8s9buL4bi, 0x6fee0281c9474050a19dd90a336d98dee911d1d39c2e68c2bbcafc98316ccb94, 3171993, 120.1, 2023-03-26 21:19:18, balances, transfer_keep_alive
3170330-2, p8G1tUYMRMt2AisJLEvQ2tgwXWjij7n4EzGcQcDQjddSh9ihP, 0x685547613b771e4a0dd86e43366b3648f2bf91c666570f4defe1d4c2fcf741a1, 3170330, 102.22229, 2023-03-26 15:42:06, balances, transfer_keep_alive
3169736-2, p8BQs2UYcfbZb4yNZ52gDiymmWQMZtRWX814cP8W65qNnCKXR, 0x1981b95607b37475ea3da37a0df0679f6383f4921916dd5dbeea96c32217589b, 3169736, 43.89585, 2023-03-26 13:41:42, balances, transfer_keep_alive
3169671-2, p8CypG9Ra6iNXgJZ6Jz8oueNMg72Tv23kSejsrU4eYxCTVaut, 0x678b61894981ecc995e2211897d4b0500bd3754508abc441f5a9e031cbf48ba5, 3169671, 10.0, 2023-03-26 13:28:36, balances, transfer_keep_alive
3168941-2, p8FXSw5NiZRfjwpYsCYG9JzodnGAomj545CdrnRdy9bBfNPjw, 0x05a32b5e49fb3c96f79e6a250e8c55360049982904cd5bad8835633ed7ac96a7, 3168941, 20.0, 2023-03-26 11:01:00, balances, transfer_keep_alive
3166371-2, p8BNNWBdbdtDvz6SNX6eLGVzCLpPCb2dYoLcaNx6rMGZdWGdR, 0xbfe469953d374077ede6e35019d150c0d721dc62d49ee6c96b5daa0176b7df2a, 3166371, 2.0, 2023-03-26 02:22:54, balances, transfer_keep_alive
3166219-2, p8DqnHYdkKY4SVzTSWwkZTogmTdWWM4NMXDC8KKHJ95C3c1jS, 0x81be59e58e4c7fc713864a344339fceb54f6ed9ecc8a9c730ade1fab4a9cb7fd, 3166219, 2889.0, 2023-03-26 01:51:54, balances, transfer_keep_alive
3166217-2, p8DqnHYdkKY4SVzTSWwkZTogmTdWWM4NMXDC8KKHJ95C3c1jS, 0x05dd47b4d0a7b3dc861864ac9d6a21575ff99260fc5fce419a0e5f3779dc5f63, 3166217, 1.0, 2023-03-26 01:51:30, balances, transfer_keep_alive
3165946-2, p8DUZumGkHt3PmnJwuoGY3TdL3eWc3BerjNaotCfJuV52ztMC, 0x2d07d072783d68405d7573d7eeec670ac9d56c351abde7ac32d1a3410b31e223, 3165946, 3889.57187, 2023-03-26 00:56:36, balances, transfer_keep_alive
3165881-2, p8CypG9Ra6iNXgJZ6Jz8oueNMg72Tv23kSejsrU4eYxCTVaut, 0xb85d2f9bf1ff54067e4cb6f8cd2f9b40ea98a130ec7264764fb6207a1e8b57d0, 3165881, 17.0, 2023-03-26 00:43:30, balances, transfer_keep_alive
3165823-2, p8Bb9RA8gvvJ6rkb3W1MAV4GVtbPxY4S1CLxreMu6wb3K9P4n, 0x1e7e175c209bc604d44a7d09056a2cdea7d8bfeb96fab62a2ef89aa4b4982741, 3165823, 6128.13132, 2023-03-26 00:31:54, balances, transfer_keep_alive
3165470-2, p8Eqmd6681DqG4DUPRd3ELCZgE9FMYDhQr85ghc4ye6gj4QD4, 0xd23b7cbef8ae24e8168abcd8db4c9bd9af6918697cc46a5d7d897bd1fd04c5aa, 3165470, 319.08508, 2023-03-25 23:20:24, balances, transfer_keep_alive
3165161-2, p8CQCFZ1hZpRG4NGhtqKJRMsAaTjtQqC95BLnEXyfLdHsG3wU, 0x49542502799f0525c95ec6ea50a05e463232f915fa6f90a604a94baeb4efe056, 3165161, 67.6, 2023-03-25 22:18:30, balances, transfer_keep_alive
3164103-2, p8Cw3aQpA4J9jgdHPUiQuQELGYTYY68jQCzEDjsfj9MqmmYSB, 0x5fae0be989fe12c101eb3f698e579bca4b5eb2cd9e91926f1c75bc15ec65fc2e, 3164103, 300.0, 2023-03-25 18:44:54, balances, transfer_keep_alive
3164097-2, p8DAynfYD6rgmf1c635Fp6iHwWVtLz7kmqBvVjbSNJD1KHwcX, 0x17435591733403d48176687cccadd646bb08057b99b6186b0ca7b0d29db5e468, 3164097, 340.0, 2023-03-25 18:43:42, balances, transfer_keep_alive
3164092-2, p8EUviAPDUzwsC3GXQVwXzedDznKKveYeze46pNqcu9Cxp4WW, 0x1c845f282fbc04f9a195b096b2c1c0b43f31cd9bc37b822fd33b73edea020fa9, 3164092, 100.0, 2023-03-25 18:42:42, balances, transfer_keep_alive
3164089-2, p8EUauAV858My5YjyYQw6Yq7jjtDhvWQMup84R29nhHWor7QG, 0xd06889c611cf694c16c26ad9d6f8b06c16354719111946ea512b3050da29d7ec, 3164089, 390.0, 2023-03-25 18:42:00, balances, transfer_keep_alive
3163728-2, p8CSAMTGeBtQ2cCiieCJksNnufJc68ZfCnHusZo2xcSV7fWEi, 0x521692b6adbad7bc149b6b572ce75fdd662033a6c7056a525973e2b0afa0b405, 3163728, 106516.02946, 2023-03-25 17:29:06, balances, transfer_keep_alive
3163433-2, p8BQs2UYcfbZb4yNZ52gDiymmWQMZtRWX814cP8W65qNnCKXR, 0x047c04a26c5884ed65e4151de79793544dac8c64fa5b5b3a9bfc076d0e6dbc2b, 3163433, 33.34321, 2023-03-25 16:29:42, balances, transfer_keep_alive
3160895-2, p8CDBt8363V9w5TpcG7irSknAUTsh8DU5YbQGErRvgm74NbVH, 0x4f6b6a94d482d8efd54cc93139ea758b243435888a8798e3b4629ec4c3c7da7c, 3160895, 7.41996, 2023-03-25 07:58:18, balances, transfer_keep_alive
3160492-2, p8DCxvTcjKTuKyceafzdHiqEHygN34Eg3iG4LT8xczTGWmqfx, 0x84b3aebcc8bd20faae40a06e698c457d7c3fd2232e940c1a2c477f618a2330f7, 3160492, 100.0, 2023-03-25 06:36:48, balances, transfer_keep_alive
3160457-2, p8GPNskTbeRgspSbDe8uvG6tPVzS2mmsMjUEAHqdyZ3ZfbnRn, 0xdd33a1b3c20fe69cd692c35f5573465cc7474342bd82e597ab2e0844d9ba1098, 3160457, 10.0, 2023-03-25 06:29:48, balances, transfer_keep_alive
3160455-2, p8GPNskTbeRgspSbDe8uvG6tPVzS2mmsMjUEAHqdyZ3ZfbnRn, 0xd18d494b95a59d2d94f4921770fa085c5d683054c52e0a4ca9679ce8a315943f, 3160455, 10.0, 2023-03-25 06:29:24, balances, transfer_keep_alive
3159722-2, p8CypG9Ra6iNXgJZ6Jz8oueNMg72Tv23kSejsrU4eYxCTVaut, 0x3f6f0d61bdb53784e2629aa746c06583e80c64b72e46ab94d4a9b5bf8618a684, 3159722, 23.5, 2023-03-25 04:01:48, balances, transfer_keep_alive
3158972-2, p8ECPufaC2uyiET8Hx9qpYak1CpnwGGmG8iL4ur56BF2KbxAt, 0x92c61d193e97b0e7f371f0df2397d269f44c4a4d01cfe878148ec8fb7ada5241, 3158972, 55.0, 2023-03-25 01:30:54, balances, transfer_keep_alive
3158966-2, p8DSevE2xZzYLC5nUgjXHnJ8vbXHJhYF4vie4po8QeCQdrjKr, 0x63463deaf87f42971cf6f281f82813c1f310519e18e64253cb392a321c434a9e, 3158966, 160.0, 2023-03-25 01:29:42, balances, transfer_keep_alive
3158635-2, p8BQs2UYcfbZb4yNZ52gDiymmWQMZtRWX814cP8W65qNnCKXR, 0x9ac285b4d55b69a78b30c3ccbad2bde6ed1c600922fc000d773cb99c1addb10a, 3158635, 65.92728, 2023-03-25 00:23:00, balances, transfer_keep_alive
3158264-2, p8CyazeM247kn8E9iXGSajH5nQJKwiRKbC1ZX6EKahMpfJL2W, 0xd0d9dc20ca3682dbcd84de41e3ab760c093bfb8ce28f5ba40b28e7134a853cd8, 3158264, 5.0, 2023-03-24 23:07:36, balances, transfer_keep_alive
3158120-2, p8DX3HJdJJifNvLgCYMba3Qww5YY9EADvdMBMG3625tsEnkWq, 0x257cd065ae3866af90c1ba4e207d1816df83da56dd4c7a2c76c56c7486996f1e, 3158120, 165.0, 2023-03-24 22:38:36, balances, transfer_keep_alive
3158009-2, p8CQCFZ1hZpRG4NGhtqKJRMsAaTjtQqC95BLnEXyfLdHsG3wU, 0xd21ae0ecee7d2c14799dc8d03fe3706aa9324d5f4674c4c27c2c793c9936a38a, 3158009, 36.1, 2023-03-24 22:16:24, balances, transfer_keep_alive
3157956-2, p8BBovATdfP47J3mQhvBFwoPgmet8vBDQoNMN4mUVTCsidy1Q, 0x524da6640bbfcddcd4d6a758bc13c910bd7a0a81f3a244f053ff2ea75b5fc17f, 3157956, 9970.0, 2023-03-24 22:05:48, balances, transfer_keep_alive
3155818-2, p8Bkp1sispN4PzLqGarB4tsykLSdv82xMPaLQHz91trNdysyp, 0xec0c751f0b09aa484d668b3456812abf93b09eecc1fc2a517dae6e1eac2d9e06, 3155818, 8.8, 2023-03-24 14:49:36, balances, transfer_keep_alive
3155811-2, p8BiDutPY4wcYxLDrHcKxukYdcqNfWqx9hoioNqTvYnFqi5R7, 0x4dcd04396fb68070e24daf23264b618f75ff640dfee23cd005ca93f40c7c2555, 3155811, 5.0, 2023-03-24 14:48:12, balances, transfer_keep_alive
3155586-2, p8BMD5hMbPcDhqVz7b1pBbbTSzUW7Xj8TzQ4PU6yToR5493Lk, 0xe37e308c0a2f44238b412141a5ebb792efb7f06fc27728d2c2fcfc2a9949abe2, 3155586, 73.83111, 2023-03-24 14:02:36, balances, transfer_keep_alive
3155455-2, p8Fw3VdFahb5XGKti6mfByhoA1QsmxSTCcjHJjnV2wWUhKSfo, 0x6038f4f8b14c89209beafbed45403b7c56f3f83e77d68ea5940a9e5ca9e1288e, 3155455, 13000.0, 2023-03-24 13:36:24, balances, transfer_keep_alive
3155448-2, p8Fw3VdFahb5XGKti6mfByhoA1QsmxSTCcjHJjnV2wWUhKSfo, 0xbc07229705c16da43e72217bd6f8962185625230a5ad45d21dcf4c4609f58b53, 3155448, 1000.0, 2023-03-24 13:35:00, balances, transfer_keep_alive
3155402-2, p8Fw3VdFahb5XGKti6mfByhoA1QsmxSTCcjHJjnV2wWUhKSfo, 0xbefb4f34dd599fa4d3fe1637e8906fad7dfd10065893d3806ee96682c21834ba, 3155402, 100.0, 2023-03-24 13:25:36, balances, transfer_keep_alive
3155072-2, p8Ax7CNovU5MABywcBpte6k7bs5TMXQb8wwSuafrBvRH7wrBS, 0xb616f884f0560fd4f096ac623774b672bb3e22234128f27566af8d49bcd073f1, 3155072, 5.08381, 2023-03-24 12:19:18, balances, transfer_keep_alive
3154844-2, p8BiDutPY4wcYxLDrHcKxukYdcqNfWqx9hoioNqTvYnFqi5R7, 0x0fd6f9177d98acc1f63e30a2a0cf7d6d98e08d5828ae0a8532330fdc523b8fa5, 3154844, 5.0, 2023-03-24 11:33:18, balances, transfer_keep_alive
3154836-2, p8BiDutPY4wcYxLDrHcKxukYdcqNfWqx9hoioNqTvYnFqi5R7, 0x84abdc48f8b599bf6de99223fd327809acb080d4ddd294ef1122ddf99b4908b5, 3154836, 1.0, 2023-03-24 11:31:42, balances, transfer_keep_alive
3154631-2, p8FFefy4oxWXwkVW3ZuFQaEjFU4q4xhi7hYhchesCkZPUYpEq, 0xf45d770cf8e15514ede7777e2ade061b154d85285ee40e5084ad4a2339f903dc, 3154631, 26.43842, 2023-03-24 10:50:36, balances, transfer_keep_alive
3154127-2, p8CQCFZ1hZpRG4NGhtqKJRMsAaTjtQqC95BLnEXyfLdHsG3wU, 0xa3644b2d62dad7e2e756db6bbf6bf41ac5b17f63411b2ad86846ac4c0b52cb57, 3154127, 30.45, 2023-03-24 09:08:30, balances, transfer_keep_alive
3153752-2, p8BYubNMkZ5hgw7JbDhHvAjaupg8NKqiUdPZhdugASiKyGJMF, 0xac22d474324ba9bdface223f3b3a083e77d0e8aa8e27fd6b41d006c0b7fff153, 3153752, 115053.34972, 2023-03-24 07:52:42, balances, transfer_keep_alive
3153696-2, p8BYubNMkZ5hgw7JbDhHvAjaupg8NKqiUdPZhdugASiKyGJMF, 0x452493342ed53cf919df1e893e1f44e6fd03a1411be01afd9eef6638b5dd8643, 3153696, 629.59356, 2023-03-24 07:41:30, balances, transfer_keep_alive
3152389-2, p8DBLUjU4cRCkM9JZLKKxpE8hsYA4AwtjLL41mE3UJQUP1725, 0xe9559f7ec88a3451c1e8280a76b63d2df44dc5c1878db7cfba684e165bd66dc2, 3152389, 12150.0, 2023-03-24 03:17:12, balances, transfer_keep_alive
3152356-2, p8DBLUjU4cRCkM9JZLKKxpE8hsYA4AwtjLL41mE3UJQUP1725, 0x3d8e45a41d3f35db31eb84176a0e33979546baf1509a442bd94295cf1d5c621d, 3152356, 55.0, 2023-03-24 03:10:36, balances, transfer_keep_alive
3152055-2, p8GXPdt8tdrtgH6ZegDVpHwazHA7KrLuYM4JbdTxRo3we1hUK, 0xd94e31086f8568c9a230ab7dbe69f20fa5cc7b231f4ce9c33999d881501b78e6, 3152055, 22.0, 2023-03-24 02:09:36, balances, transfer_keep_alive
3151713-2, p8GeFQ9q8jwqUJQzskwVihedBJQrFJsWyzE3n9pyPGjKDWDWk, 0x0a22eeed52efc641668681fd194197572eeeb93976afbdd55af1404e05543fda, 3151713, 468.05814, 2023-03-24 01:00:24, balances, transfer_keep_alive
3151524-2, p8BGzM31XL9HweaDbjf2hrfMSo6KcWqRFmLP7KznDHxzx5ZZ4, 0x3b88f7d0f16dc1c512c0547cdbf76416d005c2fef44294289fd7e2430380d1b5, 3151524, 5.0, 2023-03-24 00:22:36, balances, transfer_keep_alive
3151182-2, p8CypG9Ra6iNXgJZ6Jz8oueNMg72Tv23kSejsrU4eYxCTVaut, 0xbbbc0443eae6d675a3963350ac27f1c8fbc6060d217f5bbb4b4c1a79cb6c0bdc, 3151182, 16.0, 2023-03-23 23:13:30, balances, transfer_keep_alive
3151110-2, p8G4vzgiHyrQumNicbRXnmHYhctUQPXTqjAPMkqkCX7KSHkAZ, 0x009f123763c891b6e7cf761aaed8636534514eff58ba27ab25d75fd3faf967dd, 3151110, 155.2013, 2023-03-23 22:59:00, balances, transfer_keep_alive
3150894-2, p8CQCFZ1hZpRG4NGhtqKJRMsAaTjtQqC95BLnEXyfLdHsG3wU, 0x2eee213c152df4b748a48376e70ed4ee7a5f27350bed250d682f577c7b661b1c, 3150894, 67.0, 2023-03-23 22:15:36, balances, transfer_keep_alive
3149314-2, p8FUjiM4wLG64H8jx7LMp2BssCV8NpUwFfodR2RUsPUXqburB, 0x220d125c30eb294a83cf851d5745b2320544691e5ac47c168998e24402408eb0, 3149314, 400.0, 2023-03-23 16:56:54, balances, transfer_keep_alive
3149292-2, p8Cz4NjRsRnkRARAm2Shk6thZ3JCKks3kdCBHVY36D2LkDNnG, 0x46b12fa67bb57b503bfada6eb95c6a40b5015d608bc2ebd6d6873280d11b9397, 3149292, 1.0, 2023-03-23 16:52:30, balances, transfer_keep_alive
3149283-2, p8Cz4NjRsRnkRARAm2Shk6thZ3JCKks3kdCBHVY36D2LkDNnG, 0x62b0b34c96115d53f487a8cd59abd9263f6015f04b7c391094ef61c7a08dce09, 3149283, 1.0, 2023-03-23 16:50:42, balances, transfer_keep_alive
3149197-2, p8BQs2UYcfbZb4yNZ52gDiymmWQMZtRWX814cP8W65qNnCKXR, 0x55c69d82baa0494e710bd4982860099b8d744c34231f2a9441fd1e6caf965971, 3149197, 49.99308, 2023-03-23 16:33:30, balances, transfer_keep_alive
3149005-2, p8FUjiM4wLG64H8jx7LMp2BssCV8NpUwFfodR2RUsPUXqburB, 0x693c1882cff718beccb81331a9a26128e09c55f3183ff2feff451f8441715a8a, 3149005, 10.0, 2023-03-23 15:54:36, balances, transfer_keep_alive
3148994-2, p8FUjiM4wLG64H8jx7LMp2BssCV8NpUwFfodR2RUsPUXqburB, 0x7544c6e07d97912a4448f6307f907ce0dc20bd3f496faef277e454a92768ff02, 3148994, 1.0, 2023-03-23 15:52:18, balances, transfer_keep_alive
3148666-2, p8DJrui8aMgPJC9h5gdvmFp4vyS73AT95vdF7PRo7LLXLo2K3, 0x965bbccb506059e84f13bf356e24bea97d8a14e1eabfcb48021e8f752133f118, 3148666, 1094.04127, 2023-03-23 14:46:06, balances, transfer_keep_alive
3148570-2, p8FJBpbjPhEXVyhEBffwK8nzVftHnCdtpyCvruaSJkaWcy8qS, 0xfb0528e74f2a64bb807fc9a55135fd640239f49a2f80368ec2d46a1253c95ed0, 3148570, 48.53601, 2023-03-23 14:26:36, balances, transfer_keep_alive
3145496-2, p8Ggd4YCirtPpiW5NNAtExSL47f7H8dotkNSsxyMD78PFj1RP, 0x13d3e73813bf86e45a8f98b338c5e163fa5afd984745b22d14aee386184a2f92, 3145496, 34472.37365, 2023-03-23 04:07:00, balances, transfer_keep_alive
3145457-2, p8CypG9Ra6iNXgJZ6Jz8oueNMg72Tv23kSejsrU4eYxCTVaut, 0x70db66ae1fcb0dbfed6d6528b8cbbf38d014f3fd26bb24af27eb145c918038d3, 3145457, 21.0, 2023-03-23 03:59:00, balances, transfer_keep_alive
3145446-2, p8EAmoEZyuqfWYm4hp8GvmXp2fGKa5hWYBUyZNDP5aebXVES2, 0xab58fd2991f0f9090586650bc291f2634f92e827a46da729fbe302605d810693, 3145446, 112720.0, 2023-03-23 03:56:48, balances, transfer_keep_alive
3145243-2, p8BTMYwRxDk3H1aTWEhdT4QpkFLbL4kM4VyQkfQwyEM5bx7qR, 0x870d14f77b48844cfc1804f3a228e5fc981648a566585cf24890d62c9db109ec, 3145243, 360.0, 2023-03-23 03:15:36, balances, transfer_keep_alive
3144101-2, p8EnyfLL8k3vRJEBdu14eq13mKhHW4s43uLmEPSkE3T8sQJhc, 0xf268a8bdaca989c0443b626620207887fa2edeeecd4581de149235a0664ffe3d, 3144101, 3999.0, 2023-03-22 23:19:06, balances, transfer_keep_alive
3143748-2, p8CQCFZ1hZpRG4NGhtqKJRMsAaTjtQqC95BLnEXyfLdHsG3wU, 0x230b262a85159ffb3a1d2596fbeb5b3cc570b95b0ccddee0428a685f3573c5ac, 3143748, 36.7, 2023-03-22 22:07:36, balances, transfer_keep_alive
3143638-2, p8FJ8cxAkj9DwV3Pcae8iYvFznFkCYdjp5QuMbUGnnRmkA7F6, 0xbf860c36458a6a118063296f6502b4fae323fe27265a8a3b76e182c144bdefdb, 3143638, 86259.53709, 2023-03-22 21:45:30, balances, transfer_keep_alive
3143599-2, p8CJNHjNz4whqDMBfrC8wVdKEZ1gZZz1eWUaaZXaY1JAvfcJm, 0xe196ffe1276ef1c6214683ade5a0ccb70c22d970d3323aefee31f2675759863d, 3143599, 2596.0, 2023-03-22 21:37:36, balances, transfer_keep_alive
3143590-2, p8FJ8cxAkj9DwV3Pcae8iYvFznFkCYdjp5QuMbUGnnRmkA7F6, 0xbd1346e2b7836d9d79a989ceb1a20ce35e39bd1ad75584a609f42f10e323149d, 3143590, 1.0, 2023-03-22 21:35:48, balances, transfer_keep_alive
3143357-2, p8G1NrBn1GQjeNSrQC3mLqJ3mDZRHqskdFBPkBq2zpuCxtQoK, 0x53df345b5340cd5eb7679287ee8b4c2bc599ff5c0b82df683898b0a8d46a4a7a, 3143357, 822.624, 2023-03-22 20:48:30, balances, transfer_keep_alive
3143352-2, p8G1NrBn1GQjeNSrQC3mLqJ3mDZRHqskdFBPkBq2zpuCxtQoK, 0xb44609937e94ddc04a2d036bb77a7031cb6e74eb353af25eab8c45e57cfdaced, 3143352, 10.0, 2023-03-22 20:47:30, balances, transfer_keep_alive
3142056-2, p8E5QyKw6eTSG42jRe9FpiU5nFBG9ui1QzRRjJWccQWG4sPah, 0x2242f71c3c93ad357046579b33b3329fae4c3b5bc670772e15cbb622a46e97a4, 3142056, 21000000.0, 2023-03-22 16:24:42, balances, transfer_keep_alive
3142019-2, p8BQs2UYcfbZb4yNZ52gDiymmWQMZtRWX814cP8W65qNnCKXR, 0x1e4aeaa235156a24a73cbe2a4e007cfded3adadddc2266883adb7dc76ff1ebb7, 3142019, 47.44614, 2023-03-22 16:17:18, balances, transfer_keep_alive
3141475-2, p8Bkp1sispN4PzLqGarB4tsykLSdv82xMPaLQHz91trNdysyp, 0x73e6733c63470ff4d2a13f23e9af19effc6b48e02fce7bd865d13ef9eb9aea8c, 3141475, 2.0, 2023-03-22 14:27:36, balances, transfer_keep_alive
3141434-2, p8Ax7CNovU5MABywcBpte6k7bs5TMXQb8wwSuafrBvRH7wrBS, 0x59437ae12ccfe213d0e9b8cc729279dc7ea058cfb2f673f570409a7715c521fb, 3141434, 5.0, 2023-03-22 14:19:24, balances, transfer_keep_alive
3141350-2, p8BiDutPY4wcYxLDrHcKxukYdcqNfWqx9hoioNqTvYnFqi5R7, 0xf0caa9ce898b09c698503c254d1a4bf88d63b6c744a6326753c68e693746fcbe, 3141350, 5.0, 2023-03-22 14:02:30, balances, transfer_keep_alive
3140649-2, p8Ax2cNkAZr5234raFq5urx3sjNoxYCxB5753mYToqfayWU7S, 0xd94653364bbe50fe399a1da3c7aa80ac9551c59f0a7f1a468c342ea2ace7f81e, 3140649, 1.0, 2023-03-22 11:41:36, balances, transfer_keep_alive
3139787-2, p8CQCFZ1hZpRG4NGhtqKJRMsAaTjtQqC95BLnEXyfLdHsG3wU, 0x46ca97a3d26e4f7c7ef336314fb64a025216a22a787ea407a5005fd6226f0c67, 3139787, 29.3, 2023-03-22 08:44:36, balances, transfer_keep_alive
3138854-2, p8ESDtEQXD6LEREabqrabetq6twThuqhs4KP2X5Dsq7KWQZm2, 0x3b15e159c6716df27b6b05779a60e44b49b366fc06da93cd7ff832db8f27b0cb, 3138854, 2.0, 2023-03-22 05:36:06, balances, transfer_keep_alive
3138825-2, p8GZC9kETbSX9bp3HLegsD1PJZSuTS3qagfdxeKETsGBuAY54, 0xa9890ec35e20d72f5fcf343ef31f5ff3b8529ada303d383221859fbb6534d2d2, 3138825, 4.0, 2023-03-22 05:30:12, balances, transfer_keep_alive
3137837-2, p8CypG9Ra6iNXgJZ6Jz8oueNMg72Tv23kSejsrU4eYxCTVaut, 0x888cfbbd20397ef988800bf1e942f6163917e2ee06c4398c6f7195d05b0660bd, 3137837, 19.0, 2023-03-22 02:10:42, balances, transfer_keep_alive
3137473-2, p8CtkdJCJAKU7cFEGa1MMKM4n51bfD2ihq77M7FvD1ZHFJ1Us, 0x18ef064a51e57e5ec14860b84ff8c6b5966e2ad9569d5c007b44da4a21babe61, 3137473, 44.5, 2023-03-22 00:56:48, balances, transfer_keep_alive
3136658-2, p8CQCFZ1hZpRG4NGhtqKJRMsAaTjtQqC95BLnEXyfLdHsG3wU, 0xde55a389b20a0d9df519bb1f9be6e9da8bcd5c0a1ad203471b311e1ee419cf1a, 3136658, 66.7, 2023-03-21 22:11:12, balances, transfer_keep_alive
3135291-2, p8FePKTJQu2JvWFzYG2XEUxwMXELbzkDKf1ayA9h8d6BsC9jp, 0xc9125f9a62d028815769394ae1145764213f3bb359b7a8074cd5698fe579b871, 3135291, 1.0, 2023-03-21 17:33:48, balances, transfer_keep_alive
3135212-2, p8BQs2UYcfbZb4yNZ52gDiymmWQMZtRWX814cP8W65qNnCKXR, 0x11a8e0145b442ead095f7c80aed5845f83a1f0b5f95bdbee3820eeea3cb9b194, 3135212, 77.95335, 2023-03-21 17:17:30, balances, transfer_keep_alive
3134662-2, p8Ax2cNkAZr5234raFq5urx3sjNoxYCxB5753mYToqfayWU7S, 0xd3d07ed015ec1e7d9014c93b4e3dcc6f9d722c97551857336e5c48021d51b2ce, 3134662, 0.1, 2023-03-21 15:26:48, balances, transfer_keep_alive
3134654-2, p8Ax2cNkAZr5234raFq5urx3sjNoxYCxB5753mYToqfayWU7S, 0x9843a00ccf342bc7b18628b5b578bc2c20aad8f417d4e622c5c61409786d88c4, 3134654, 0.1, 2023-03-21 15:25:06, balances, transfer_keep_alive
3134653-2, p8C8vUYLfwACNysRLNNS6hc1mQ85r1X1wTQE42iTg35Umitzv, 0xa68ea78be654e333e6e7d3361c7c6cab8849244ee5212099565749d46ba7f705, 3134653, 11146.12551, 2023-03-21 15:24:54, balances, transfer_keep_alive
3134642-2, p8EAmoEZyuqfWYm4hp8GvmXp2fGKa5hWYBUyZNDP5aebXVES2, 0x76174ce173ecdffa9848543a08716d35ec10e6a710f510a86ffe38aa67380849, 3134642, 90000.0, 2023-03-21 15:22:42, balances, transfer_keep_alive
3132799-2, p8BzpnLDYhNt7hsz3sBMufAscSAoZhCrCZzy6bxL1RDGw51uW, 0xf2d7f6f71fbb604337a278ab56b348adcb7291d2458eae3bcc142202af8e21f3, 3132799, 7285.80096, 2023-03-21 09:10:54, balances, transfer_keep_alive
3132779-2, p8Cw3aQpA4J9jgdHPUiQuQELGYTYY68jQCzEDjsfj9MqmmYSB, 0xee95c435d0d759a3e216d0cc419f5303a222035eeef8ec35d802fb1b84087660, 3132779, 570.0, 2023-03-21 09:06:54, balances, transfer_keep_alive
3132768-2, p8DAynfYD6rgmf1c635Fp6iHwWVtLz7kmqBvVjbSNJD1KHwcX, 0xa9e8736c17b138fc6a2aba1dc993ac2245861942a966f926a56959e464c0d2b0, 3132768, 645.0, 2023-03-21 09:04:36, balances, transfer_keep_alive
3132763-2, p8EUviAPDUzwsC3GXQVwXzedDznKKveYeze46pNqcu9Cxp4WW, 0xddbd2086b8308ccde8a8ad0ef19963f22d438890ea389c5d02c74f2e1e443423, 3132763, 180.0, 2023-03-21 09:03:36, balances, transfer_keep_alive
3132758-2, p8EUauAV858My5YjyYQw6Yq7jjtDhvWQMup84R29nhHWor7QG, 0x151707feedef7441a7e9ecba6be527a00ad86715b45f077d67bc7e1a684f43aa, 3132758, 740.0, 2023-03-21 09:02:36, balances, transfer_keep_alive
3131844-2, p8FLqBmpW6cUiNY8WZms1DzUtupTqUfCAC7ZWDDQYRVg9zm4r, 0x14e0917d61f85fb209caa58f580799b247a8257c791b87b8db3bf78bf70dd0cf, 3131844, 14.0, 2023-03-21 05:57:48, balances, transfer_keep_alive
3131842-2, p8BxHoCXLWy39KGLrYLpYGCJtKzBUvUVXXudmdinPrgF7Btbw, 0xbd0149d12a3d91a12e2058ed7c51d95b14eae61e7a48a923e6859214d97797e7, 3131842, 18.0, 2023-03-21 05:57:24, balances, transfer_keep_alive
3131839-2, p8B8dK6BF6Hw7uJpGFZVXGnYtcCXg58jbRWmRs2nv62UyzDwS, 0xd7015c7822e8abae81e23bdcd8a741d72a43c075c1ed92422e5242b90e736cc4, 3131839, 14.0, 2023-03-21 05:56:48, balances, transfer_keep_alive
3131837-2, p8BJzLBQEDXZ9Hi7CM3ERCtAi3gcPHkxwo3eqXP4JV4wtkaLg, 0x69470294cec747df7fc185883e489602f11e02fa3ab7ad5c80777665232141f9, 3131837, 4.0, 2023-03-21 05:56:24, balances, transfer_keep_alive
3131833-2, p8CpCwADdxsjHaB4H9CojxTneVtaNAWJtJZQ2xAYXVwpikWBn, 0x14d879bda852f93f520d0594e89509943afc956f419fce95dbac572fe1d176e4, 3131833, 8.0, 2023-03-21 05:55:36, balances, transfer_keep_alive
3131829-2, p8EewmgyZhNYCraraG6coqFowowK9GGxjL15wQXfBu9uAYKp9, 0x74ff4cb1e073b67e5c7f467bc102cdad6627ecafa833b38d06dece7ed6bcb184, 3131829, 4.0, 2023-03-21 05:54:48, balances, transfer_keep_alive
3131182-2, p8EAmoEZyuqfWYm4hp8GvmXp2fGKa5hWYBUyZNDP5aebXVES2, 0xb8b45f0a765301d6e61f20498441b7120c90343db4aab2c0b98591ed24a5dbd1, 3131182, 95670.0, 2023-03-21 03:44:54, balances, transfer_keep_alive
3131180-2, p8FCvnk6zgEjwsnvTQ6E9956AUHuvLdnTJEQVnhNCc61beVF1, 0x5a14f6d9de5f6f5905ec8396f84b95361743bac271ec40475dc2d95bf027e394, 3131180, 100.0, 2023-03-21 03:44:30, balances, transfer_keep_alive
3130946-2, p8CypG9Ra6iNXgJZ6Jz8oueNMg72Tv23kSejsrU4eYxCTVaut, 0xd65b1853ca24f017b80da22c38618b085e832d96978de1fd25afa966fa1fc0bd, 3130946, 19.0, 2023-03-21 02:57:12, balances, transfer_keep_alive
3130635-2, p8GHvz3suZEtaYEEQAWuWPPxmZDzA7XxB3FtYo3tJNt292p2k, 0xe613b431bf31a75fd7cb075f669884a2e9663725e8c5a27c72f667cbf8e78c45, 3130635, 5.0, 2023-03-21 01:54:24, balances, transfer_keep_alive
3130379-2, p8DZwH23BqynybhEY8BKNdMoJvZYP9V6sEYbbouDjH49VFnzc, 0x37059587ee20fc15b75881833f220f58c4d97314f35cdf5e6f40350a2b81cc06, 3130379, 120.0, 2023-03-21 01:02:24, balances, transfer_keep_alive
3129877-2, p8BB9nExCgZUwWR5xFwEtQcyhsnrDvFAFNCUnB912tRm5tmDZ, 0x7264ca5d2e4119f256f8d14d8cc883239aec9d2837a78f5d0603ae3f8d73b150, 3129877, 3685.0, 2023-03-20 23:21:06, balances, transfer_keep_alive
3129559-2, p8CQCFZ1hZpRG4NGhtqKJRMsAaTjtQqC95BLnEXyfLdHsG3wU, 0x2d711bbd08efa68e3583a0e76bf2a2de90cb7af1c0ad44ddbf79b7d9bd524a5a, 3129559, 66.6, 2023-03-20 22:17:18, balances, transfer_keep_alive
3129258-2, p8BdjhqbewXxaXve2RgFq8KFGQ3t1jFr2XxWiqWCbDTPfSpGS, 0xb0b52019ce283ca9bb066a8e054187f3962277dcade6f97f6f0cfb7321e2b7ab, 3129258, 55.0, 2023-03-20 21:16:42, balances, transfer_keep_alive
3129107-2, p8EAmoEZyuqfWYm4hp8GvmXp2fGKa5hWYBUyZNDP5aebXVES2, 0xf61142b89fd3ae8b85d55f04e67d2f0a3821f16c16a7323da6f67fed17809817, 3129107, 30000.0, 2023-03-20 20:46:24, balances, transfer_keep_alive
3128474-2, p8Ax2cNkAZr5234raFq5urx3sjNoxYCxB5753mYToqfayWU7S, 0xc70acb5ce792df0cf3eba1607ec73c4802937b2fcdf8210c17255437eed8a34d, 3128474, 0.1, 2023-03-20 18:38:00, balances, transfer_keep_alive
3128203-2, p8FSJvtTncGf5LB3vQ1Fs3oM1cW59XVzA1LekvW1AmtxbAM7K, 0x86f386ffd7af4095869646d5dc845e2234b0592c6298aa3268a74b6347c3dab4, 3128203, 2.0, 2023-03-20 17:43:48, balances, transfer_keep_alive
3128193-2, p8BiDutPY4wcYxLDrHcKxukYdcqNfWqx9hoioNqTvYnFqi5R7, 0x3719db41fa68d05636e9c422175b6b20029711242d77e25128e1e125d581ba24, 3128193, 1.0, 2023-03-20 17:41:48, balances, transfer_keep_alive
3128072-2, p8BiDutPY4wcYxLDrHcKxukYdcqNfWqx9hoioNqTvYnFqi5R7, 0xa4e57ff4bcb1a1750db30f0fe2aa3e55494d983bfd136030c56c5c5a6933285e, 3128072, 2.0, 2023-03-20 17:17:18, balances, transfer_keep_alive
3127993-2, p8BVfhYtXBZL5cYPvyXx7UaeD3uA8x35hCkhCBtswryKjmzar, 0xca9c4c5ae637f80ea081ebe8c8f36301848921669d463b16513cc74ecf4b525b, 3127993, 1.0, 2023-03-20 17:01:18, balances, transfer_keep_alive
3127905-2, p8Ax2cNkAZr5234raFq5urx3sjNoxYCxB5753mYToqfayWU7S, 0xd720b5292806400317b0e0ccf5c28d1199bb3098da0ce653742cfab78658aee5, 3127905, 0.1, 2023-03-20 16:43:36, balances, transfer_keep_alive
3127739-2, p8BiDutPY4wcYxLDrHcKxukYdcqNfWqx9hoioNqTvYnFqi5R7, 0xcf59bc734715c01451df1d22a7622b5ddcdd9135f85cd09967e0d5b0a2d58df7, 3127739, 1.0, 2023-03-20 16:10:00, balances, transfer_keep_alive
3127375-2, p8BMD5hMbPcDhqVz7b1pBbbTSzUW7Xj8TzQ4PU6yToR5493Lk, 0x915c94555c447d93e037ea1533f60ac21d34244eb99a37399add6c7531b2f60f, 3127375, 67.53606, 2023-03-20 14:56:42, balances, transfer_keep_alive
3126553-2, p8GTuWb5DGMyf4gNLL9M4kq2tEEdtwKTac5G5DYZkJxmLXQCn, 0x002e77783e020ec2352b0f1e061f83cf30c520c27ff69585002948417951d283, 3126553, 340.0, 2023-03-20 12:11:06, balances, transfer_keep_alive
3126068-2, p8CyazeM247kn8E9iXGSajH5nQJKwiRKbC1ZX6EKahMpfJL2W, 0xb32324e8aaf8689a2dede6839558ae20cdcc9ee3cb3bf14163ad1d4fe319cabb, 3126068, 18.0, 2023-03-20 10:33:48, balances, transfer_keep_alive
3125502-2, p8G8rveTSY9S1r8f9Xdd73MsmrfKEAUY9vyyi7QTs2uutLzWc, 0x6f707b9ccf48262b8926235a1b6faf61b6dc75a1f00b5f2eb02d4ba8a593c9eb, 3125502, 34.0, 2023-03-20 08:40:00, balances, transfer_keep_alive
3124295-2, p8EhiS5E2i5E2UfqZSRN5d6TsreyVS4j2cKdT9tjdZ6jfPmTy, 0xf9b3d92a643e2e7073c29b27035c1bb379441bb0ae392ddca3b8a7a921d5e949, 3124295, 1688.9622, 2023-03-20 04:36:54, balances, transfer_keep_alive
3124054-2, p8BQs2UYcfbZb4yNZ52gDiymmWQMZtRWX814cP8W65qNnCKXR, 0x88caa40dd9b08858cb4ab5870db3c89242ed51dbd6f8c8148b78107be54941e3, 3124054, 29.94729, 2023-03-20 03:48:18, balances, transfer_keep_alive
3123910-2, p8EckrmdwjPCqXDqHnAvfzoTkaDqaFcmw5Z6Z3ZLgofKbGMfJ, 0x9c3e86e31a6a223af4039a12da0a84f6583ddfe82a496c19cc7c5e06c30149dd, 3123910, 464.26227, 2023-03-20 03:19:12, balances, transfer_keep_alive
3123891-2, p8E1yq4mKLK2z4gqMzBss7fRfKbptMp2j55ZTtDw9gkfwPPXh, 0x476bb854205f296d565d652abe0e941ea31eefecdbcbc5882ada34a5cc2e08d2, 3123891, 20.61832, 2023-03-20 03:15:18, balances, transfer_keep_alive
3123821-2, p8DSevE2xZzYLC5nUgjXHnJ8vbXHJhYF4vie4po8QeCQdrjKr, 0x2238a5c41fd703b723ecd890ea3b446d751ee041cf8ecafd8ae6491a8754c5d3, 3123821, 490.0, 2023-03-20 03:01:06, balances, transfer_keep_alive
3123767-2, p8CypG9Ra6iNXgJZ6Jz8oueNMg72Tv23kSejsrU4eYxCTVaut, 0x2c853a31971d34cc113cbab404fc7ed94ab76a29914fc417d905d9e5fb50785a, 3123767, 8.0, 2023-03-20 02:49:54, balances, transfer_keep_alive
3123203-2, p8DoPq7JT4U55rFkv53ug6U7s25F9NtZCfMdyhZq4mXvK1FK4, 0xf59f7407ec8f95d8eafb31ecbdd76338f10d8fbf23807540ffd186d81a6197a3, 3123203, 170.0, 2023-03-20 00:55:12, balances, transfer_keep_alive
3122742-2, p8Ek2teFh5ENuGN9HNZKuyEG4QvmpXqrTbvGvtECeQQ4k8Qz1, 0xb16bd621727e1e9d52b990e408bb98524c2d6998885efde9550e49268d7ff89d, 3122742, 29509.4146, 2023-03-19 23:21:06, balances, transfer_keep_alive
3122582-2, p8C18CUTrnAHEMD2644p61TPwSTKDkguZbnigb3JkpaDxW4JD, 0x5719c6121f312997d8b0ea88595df0966d911e465f381d5faf76bb4c1e66299c, 3122582, 338.25489, 2023-03-19 22:48:48, balances, transfer_keep_alive
3122465-2, p8CQCFZ1hZpRG4NGhtqKJRMsAaTjtQqC95BLnEXyfLdHsG3wU, 0x98418941cb41f1893c5632cb4838e816866b1c8792980eb82ad0815a589008d7, 3122465, 67.05, 2023-03-19 22:25:12, balances, transfer_keep_alive
3121869-2, p8Gej1HSnose5eemXEzW74uTdjsjsNGPyCUPZ2ULVk69Sqf1q, 0xf05c1a47e9bfe00775de84c0b1aa0ec7c646ecb12c2844640f688556d099fd99, 3121869, 2.0, 2023-03-19 20:23:42, balances, transfer_keep_alive
3120914-2, p8CypG9Ra6iNXgJZ6Jz8oueNMg72Tv23kSejsrU4eYxCTVaut, 0x120813700e75cd844480dec17942a80bcd130dc9f4cb2180e025864496645169, 3120914, 11.0, 2023-03-19 17:08:06, balances, transfer_keep_alive
3119740-2, p8BQs2UYcfbZb4yNZ52gDiymmWQMZtRWX814cP8W65qNnCKXR, 0x060099ed0094e78480b59ada13593c81e2f57490d4c0cd6fa9f0d3126a960b1c, 3119740, 22.96599, 2023-03-19 13:09:30, balances, transfer_keep_alive
3117835-2, p8CwRJEtnJTzWK74AhxFG2PAT8wKJ4rKhXEty4YBPgWfFNBvQ, 0x6afdc6de9978e68ffe01379b3e451babd4b6774073e835a13016a55951e8908a, 3117835, 5.0, 2023-03-19 06:42:12, balances, transfer_keep_alive
3116973-2, p8CypG9Ra6iNXgJZ6Jz8oueNMg72Tv23kSejsrU4eYxCTVaut, 0xc94194d3f234708e6ca7b253d159ffc4d3a0ccd3cb57e6303a12637fd2793f70, 3116973, 19.0, 2023-03-19 03:46:24, balances, transfer_keep_alive
3116418-2, p8BQs2UYcfbZb4yNZ52gDiymmWQMZtRWX814cP8W65qNnCKXR, 0xb5599bd396dbd29dcab3a1d9420bb25f3e6b532fe51eefde1ae1c217a4841606, 3116418, 45.5447, 2023-03-19 01:53:24, balances, transfer_keep_alive
3116236-2, p8EJtgFzmLNwBWS3rxxj4Am3aQcuTNdJSeXFVjYcTxisdhnMp, 0xa98541965f2e7386bbe3f59514ba7b796f4e7af370bc1b36091501f8b12f6989, 3116236, 23.1, 2023-03-19 01:16:12, balances, transfer_keep_alive
3116010-2, p8EPgEKcL9owroSYWoCxgcePYfLb7H9uYh7Jr4Fufk8ivX3PK, 0x717fec0320d92aec1962cfe7f4b3858dde0f2be31226cfaa746e75dc2e38eb3d, 3116010, 1.0, 2023-03-19 00:30:06, balances, transfer_keep_alive
3115995-2, p8CFrKa34Kr7HqDsJRVHGm9KDoSiJmFawKjpvUJjTuB4UDY6q, 0x2e2f5243ce423d800a7d42c6d296bd431cc97a3c5fe128911888c6e6029e48f4, 3115995, 10.0, 2023-03-19 00:27:06, balances, transfer_keep_alive
3115930-2, p8CFrKa34Kr7HqDsJRVHGm9KDoSiJmFawKjpvUJjTuB4UDY6q, 0xdb8326da664b479e1aac40e028c312c490a5ccd9efb07f7dffa0bb56eb94dc2c, 3115930, 16.546, 2023-03-19 00:13:54, balances, transfer_keep_alive
3115341-2, p8C61DAmv7X8fiBj1a6YgP9Lcj15QpWjpDm9dhCss92vgjRYw, 0x1f6d7e63b500809a8ed8e408423acd10805fcf6884e71c189e1e4538d73defaf, 3115341, 14.83752, 2023-03-18 22:13:48, balances, transfer_keep_alive
3115332-2, p8CQCFZ1hZpRG4NGhtqKJRMsAaTjtQqC95BLnEXyfLdHsG3wU, 0x7704d644a787271157c673f73e84a03ecc98dc5a6fa655438100c5739e6ad90a, 3115332, 66.8, 2023-03-18 22:12:00, balances, transfer_keep_alive
3113944-2, p8BtrBkDdmw44uYZCh1wcUWmc7M2MW3hf1nzRNfteVVkoRF2y, 0xa36a080de3886d747ba0997207f55b81e9d1282c665366b2ea10abed7e104740, 3113944, 10000.0, 2023-03-18 17:31:02, balances, transfer_keep_alive
3113830-2, p8FFj5jNT2XBpeEUWFcUcbXR1DZdR9kJ7CBAbJtJoBy3o3gma, 0xc37f6f258a4425e40e457c565b032e2b6df4c80e9940d039af37b47f3e3e66ed, 3113830, 34.35832, 2023-03-18 17:07:42, balances, transfer_keep_alive
3113510-2, p8GKeX3zbN7ZWgw9j9ckBzTDtuKVjJ5KnE1MuVgFY6z9WrJXW, 0x479b96aec1f405f7d5112acacc20eb1501fbd7d2e9e947c9e615be99533c88cc, 3113510, 85.0, 2023-03-18 16:03:12, balances, transfer_keep_alive
3112365-2, p8GLUwRoBeXv6hPBdRXJPR5ccWrVw4exbhZ67Cmg9fhhtcgfS, 0x1f9982395cca9336570392df4da6c2d7ddcf74dc3c36fccbb7b83649546875a3, 3112365, 20.14222, 2023-03-18 12:11:36, balances, transfer_keep_alive
3111165-2, p8FiBJStecgdbULQxnaVTBS1Rs2p1x8yihJStkgW7VVky5TvX, 0x2f5faae7d469d8d3e7db52a506a3d27b4649cb1782a6c9dae30e013ee463a338, 3111165, 5.0, 2023-03-18 08:09:18, balances, transfer_keep_alive
3110065-2, p8C5xH3ppkVLjK7sWL4JkhEaRpxD3kRnqj7uCAMse5imnc9sC, 0x30c2d58ca110b2bd937c07e7c47890ba47bbce8ecc82eb6781a16830ab418fdb, 3110065, 29.3, 2023-03-18 04:26:48, balances, transfer_keep_alive
3109979-2, p8CypG9Ra6iNXgJZ6Jz8oueNMg72Tv23kSejsrU4eYxCTVaut, 0xc05136707b874c17b5650084aceffd2356059450969da886697f08ea63f1b14f, 3109979, 21.0, 2023-03-18 04:09:30, balances, transfer_keep_alive
3109880-2, p8BQs2UYcfbZb4yNZ52gDiymmWQMZtRWX814cP8W65qNnCKXR, 0x3afc259b644f090c2535d0465ae5dac4211e8d5471464d86ef512b6e40ca8218, 3109880, 28.29844, 2023-03-18 03:49:36, balances, transfer_keep_alive
3109396-2, p8G1tUYMRMt2AisJLEvQ2tgwXWjij7n4EzGcQcDQjddSh9ihP, 0xad0a04d03f60422374b8f8916a088d0e66b45e0c3bbe7012a97fd6b1c8ae8a09, 3109396, 278.0, 2023-03-18 02:11:36, balances, transfer_keep_alive
3108861-2, p8EaeqUFhZtBD7m2drxAJpWUn6uCv8zJUUNtoQsdNonhxfYkQ, 0x89d40ed1c5fda9dc8376b149dbf04eb8a17af97c412ce3945fa1f9e82acbc20f, 3108861, 20.0, 2023-03-18 00:23:30, balances, transfer_keep_alive
3108290-2, p8FwJPA8NCZbYYbkzTvY6c1DrCqyqe6UxRhdpWiU9D2N8McRG, 0xdab7d844c78c67911df48e05db6d8bca6f7655d73ebab53652c3e93524c6ce1b, 3108290, 50.0, 2023-03-17 22:28:24, balances, transfer_keep_alive
3108230-2, p8CQCFZ1hZpRG4NGhtqKJRMsAaTjtQqC95BLnEXyfLdHsG3wU, 0x31afc942dbd9d3f3138acfdee7200f8cd649d4c47460a5a13a6c0156ec19214f, 3108230, 65.8, 2023-03-17 22:16:00, balances, transfer_keep_alive
3107201-2, p8D2vQgeDRQWLnGMq4wRMq3issLEMvtk9jBvf64G7PuUu9X8E, 0x5b9491dd3c85f3215e9e25c55beaffbfc289def8c53dd04f50c697cd0318a02c, 3107201, 1.0, 2023-03-17 18:48:00, balances, transfer_keep_alive
3106965-2, p8Ge53t7anrjyUzoUMt2nPLvcp53VcmACp6F6mRxL9ZbaLhR2, 0x8dd78298159a4d590366419d699a7d97290789a2b50a131e5ecb35fb84226a8f, 3106965, 10.0, 2023-03-17 17:59:48, balances, transfer_keep_alive
3105802-2, p8BQs2UYcfbZb4yNZ52gDiymmWQMZtRWX814cP8W65qNnCKXR, 0xd748ce37ce8aa3e44eb517d098100c63fa699863328b8bdee6d4f316d0790229, 3105802, 28.05287, 2023-03-17 14:04:54, balances, transfer_keep_alive
3105709-2, p8CDBt8363V9w5TpcG7irSknAUTsh8DU5YbQGErRvgm74NbVH, 0x87224b903b93e515e583970e637b3d098d6016b7cde0712279ab40785bc37ecc, 3105709, 4.13613, 2023-03-17 13:45:42, balances, transfer_keep_alive
3104760-2, p8E4Wtix7HG6f9sp4r8JTS1in7HqhadVkbHvD3RtaUDpTra2d, 0xa4762f55b94d3d8598252ee52145d35c2f445d412ead5eb954bce15173093e51, 3104760, 10.0, 2023-03-17 10:34:06, balances, transfer_keep_alive
3102946-2, p8EV6LmpDa67weCvcDQ26HGASAguqJvFAokjYe3UA88UxLSE6, 0x6326514b5e06ecc3f67e2037eed4fcb00a1464a7f91924b7da881179b53901a4, 3102946, 139.0, 2023-03-17 04:27:48, balances, transfer_keep_alive
3102886-2, p8CJZqxjcth46jN6HY1tJkzF73wrvhgRxgaW2JFrSBwBT6Vft, 0xb72b7f1b65b9f0415ad87576b804009460281c5887e078474780b29444c1c7ac, 3102886, 107.78349, 2023-03-17 04:15:43, balances, transfer_keep_alive
3102864-2, p8CJZqxjcth46jN6HY1tJkzF73wrvhgRxgaW2JFrSBwBT6Vft, 0x808b6e931b773ad6a6f0c6104c3c5f0663d47a19dff1a40eec73db504019dc1a, 3102864, 7.79025, 2023-03-17 04:11:12, balances, transfer_keep_alive
3102853-2, p8CJZqxjcth46jN6HY1tJkzF73wrvhgRxgaW2JFrSBwBT6Vft, 0x323913347abe57452cf48b1de1adb2a4f7ed74f91d5d2c4f3d7c8ed5623c1d2b, 3102853, 10.0, 2023-03-17 04:08:54, balances, transfer_keep_alive
3102775-2, p8CJZqxjcth46jN6HY1tJkzF73wrvhgRxgaW2JFrSBwBT6Vft, 0x3004bb4145fa59392a6b11ffc2829d24ebbb2f3a128726b5806ece98ed024b8a, 3102775, 1.0, 2023-03-17 03:53:06, balances, transfer_keep_alive
3102742-2, p8CU9tvHjGfHxtMuLCGcspBH6fTztEPnZP8tKWaFgnnkreSQD, 0x8a5afb209162a141fa790473cc34d566c02bac970fa24ce2fcee3f9c909f5c65, 3102742, 1.85303, 2023-03-17 03:46:30, balances, transfer_keep_alive
3102574-2, p8FJ2bNLx7SZHH5xAw923prwHznVWbah6VewQUEbAdY79VhcS, 0xa045053ba739d9d2a0abd4e2020f68c2c63fc85c212201e4b384f6d369fe3106, 3102574, 2980.0, 2023-03-17 03:12:48, balances, transfer_keep_alive
3102295-2, p8DhebfQxVYf9sFeSpnPgJCyADQwhRM1Yb8tWoHzmeqZrLrMu, 0xae5cd989d10ad1f11f577e484603ffbc26b36bfc9b48ddd43d2572b63b272e8e, 3102295, 148.87009, 2023-03-17 02:16:18, balances, transfer_keep_alive
3102246-2, p8CypG9Ra6iNXgJZ6Jz8oueNMg72Tv23kSejsrU4eYxCTVaut, 0x37788833b1c18d12a990a7c955867eeafb321806ad964d6ee2782d7774f935d1, 3102246, 21.0, 2023-03-17 02:06:18, balances, transfer_keep_alive
3101756-2, p8BQs2UYcfbZb4yNZ52gDiymmWQMZtRWX814cP8W65qNnCKXR, 0x13b1e162f14c1e71cbff53968d5a31567e57747fd9e72b31aca69cd27b1e5ccb, 3101756, 23.17648, 2023-03-17 00:26:00, balances, transfer_keep_alive
3101689-2, p8ELWiNxxKruVowZSNbxvAJ2E3ZcMwCaazbPiPmoLrmxVEzBC, 0xa3330ac2ce11ecaf7b93ea8c5bc2a5e61493cf6bbb3c2ba7c7b951d1acf0e330, 3101689, 10.0, 2023-03-17 00:12:18, balances, transfer_keep_alive
3101577-2, p8BMD5hMbPcDhqVz7b1pBbbTSzUW7Xj8TzQ4PU6yToR5493Lk, 0xcd514e33949c0baa516707ffdb64001b07f4f7cb745ac14705a6614cddd742cd, 3101577, 64.30567, 2023-03-16 23:49:12, balances, transfer_keep_alive
3101390-2, p8E5i3FRV7Goenrsph37GVLVwRv6gEg5t6tqjLvU5e5ezJNwo, 0x53865aef65a9230c5fe0cd29502429cae277fa42e785632079d9bf582d61726b, 3101390, 11.50901, 2023-03-16 23:11:00, balances, transfer_keep_alive
3101355-2, p8BVfhYtXBZL5cYPvyXx7UaeD3uA8x35hCkhCBtswryKjmzar, 0x2cc9114bc5f67bfd662d3e148cc48f639dd7b74140141efd7fb5c81b22a8c52b, 3101355, 1.0, 2023-03-16 23:03:48, balances, transfer_keep_alive
3101219-2, p8CQCFZ1hZpRG4NGhtqKJRMsAaTjtQqC95BLnEXyfLdHsG3wU, 0x40d9d4a63dab1edfeda6d8675ba9543f2f944f4131193dfcdf3f2efefa168e0c, 3101219, 67.9, 2023-03-16 22:36:18, balances, transfer_keep_alive
3100322-2, p8DXi2T1mUkozKi3RXsYg4dsJYspqGzgcY1dKrEh21AjTraAR, 0x8a1e24037f5e365a1ac14f3d10acefb33616af52874f192a0746dd15f724bfc2, 3100322, 200.0, 2023-03-16 19:35:30, balances, transfer_keep_alive
3100298-2, p8DXi2T1mUkozKi3RXsYg4dsJYspqGzgcY1dKrEh21AjTraAR, 0x819d4ed5badc4c2e8316df55a6e545e090f4777e5aad66603a9890d17088d395, 3100298, 200.0, 2023-03-16 19:30:42, balances, transfer_keep_alive
3099781-2, p8ESeiEb5LZgiSQBHffQskjbkPY6MgLsynqaRrRxRVo2z2Qei, 0x8131390db8604cf9ffd3a0587cf807a0cacae7ffe2182b91a865145a1f538b8b, 3099781, 349.87488, 2023-03-16 17:45:42, balances, transfer_keep_alive
3099739-2, p8BVQJa6PFjaDWdNi2nkLmisvpmd8SiRf9dguc3xdPs11M4aM, 0xaa50d068425c5a1c564f78aa51354f042f62634fb262bbfa8e6556c92789a95b, 3099739, 278.63399, 2023-03-16 17:37:18, balances, transfer_keep_alive
3099194-2, p8DyrXWT9uvY4GUyaftoujwGTp9dVKZAn7UjbkiLEF31pwE67, 0x180ac7c1c44b141ef2c19b988c085887f25382eba151c076b51f5fb53134d990, 3099194, 2155.0, 2023-03-16 15:47:06, balances, transfer_keep_alive
3099193-3, p8Bdqj71v3vBnAhNSYLsvs76suHnsNPiX8sRD46U71ir1PDpw, 0x41fa2ce6ee0ee284bbe87c7cb691e020ff005401bf0a1fcf613b1c6228519079, 3099193, 2155.0, 2023-03-16 15:46:54, balances, transfer_keep_alive
3099193-2, p8DqoFLhAGtyTQevSXjD9eSUXdCTphiDd3RazBFTvoUhikfq6, 0x74052b1247cdbaecaff14cdbd38365e79b39cdbee027d622a01c793dc6910852, 3099193, 2344.0, 2023-03-16 15:46:54, balances, transfer_keep_alive
3098405-2, p8BQs2UYcfbZb4yNZ52gDiymmWQMZtRWX814cP8W65qNnCKXR, 0xc4424d9a8bcf682486643b9b7d60e0b6c7a235a4f44904e7353b0d99ad63be06, 3098405, 23.0572, 2023-03-16 13:07:48, balances, transfer_keep_alive
3095075-2, p8BQs2UYcfbZb4yNZ52gDiymmWQMZtRWX814cP8W65qNnCKXR, 0x2324ef41a408958ae6277e25727b31da6fd24997a2d0ea38c7076dcc8062df91, 3095075, 25.87779, 2023-03-16 01:54:36, balances, transfer_keep_alive
3095044-2, p8Fa1o68BCn2WDa8DbxCHPknR1x2MK6sxnk3WrqaMA8JE3eyo, 0xe4e6f0f3b47f07ade36d2b35771a66dcaf916d3ae8ed59b52461e36da147e6c6, 3095044, 10.0, 2023-03-16 01:47:54, balances, transfer_keep_alive
3094883-2, p8CypG9Ra6iNXgJZ6Jz8oueNMg72Tv23kSejsrU4eYxCTVaut, 0x04642e76f14a314ddea4be9d5854ea8b3d0f082aa5ba229b099de02cce8b5d0d, 3094883, 18.0, 2023-03-16 01:14:54, balances, transfer_keep_alive
3094848-2, p8DXi2T1mUkozKi3RXsYg4dsJYspqGzgcY1dKrEh21AjTraAR, 0x3e8a5928f02c5abd9ae71afb9d035e925ee4f1ff27f9e183afcea8ff5ef41b2d, 3094848, 138000.0, 2023-03-16 01:07:18, balances, transfer_keep_alive
3094075-2, p8CQCFZ1hZpRG4NGhtqKJRMsAaTjtQqC95BLnEXyfLdHsG3wU, 0x77e1561cec7435e10721a766675fd111d7f8fa18f5596e34dd2b5d2a4228e6e1, 3094075, 62.6, 2023-03-15 22:29:30, balances, transfer_keep_alive
3091338-2, p8BQs2UYcfbZb4yNZ52gDiymmWQMZtRWX814cP8W65qNnCKXR, 0x7bbaca7df9981d9bcfe521e821f1baa4ca3d9f1b9ccc0a8297a432eae541c15f, 3091338, 28.27739, 2023-03-15 13:12:06, balances, transfer_keep_alive
3090527-2, p8C11WZYXkfzrNNNg7F3zPNFWoTChebiXDcoKeMWAV47pTYRo, 0x5e1790b7c6860567f43c5b1a1d18ff82bb7e22e1d6859ac54ee0b7be26a1ed18, 3090527, 33.0, 2023-03-15 10:27:54, balances, transfer_keep_alive
3089362-2, p8Ef2cxdnPN5Fw4oztAjgSM35CLWg4dJB5cC7WaWx45TKGvrr, 0xf30c6ab68d580f11ab165cd8ac6dbde7459051ddfcf7a2c3ded976e34f372019, 3089362, 2.0, 2023-03-15 06:31:36, balances, transfer_keep_alive
3089067-2, p8FS1f9QUiwiC9JDryaYSHXqgX1Qie1LYq1Hsa4UpYHAtA2Dz, 0xb0caa2a67601fb8db1f89b62a02d83a809d79314455041880fbd177ed80a4af9, 3089067, 9.26534, 2023-03-15 05:31:42, balances, transfer_keep_alive
3089045-2, p8EAmoEZyuqfWYm4hp8GvmXp2fGKa5hWYBUyZNDP5aebXVES2, 0xece35fe6d3aba2cd5d9a52ccb7e9104de0b1f010a7bef6d6cda46b9d02a71a3a, 3089045, 116000.0, 2023-03-15 05:27:06, balances, transfer_keep_alive
3088815-2, p8Eh2ioSx1pGyGav45zhgvSQEVmDcsrh1kSssdR9mgqAWjJiv, 0x855e38a7560e1f9f4353a04c24bd7dce64bf0ab7b1ee3eb9b1e56bc8fa6d572f, 3088815, 630.0, 2023-03-15 04:40:42, balances, transfer_keep_alive
3088706-2, p8CU9tvHjGfHxtMuLCGcspBH6fTztEPnZP8tKWaFgnnkreSQD, 0x905d8b7fecd02442b47f4f8ce234d697de1f96497a7cbac6bf19aa07e942a41e, 3088706, 3292.6425, 2023-03-15 04:18:00, balances, transfer_keep_alive
3088203-2, p8CypG9Ra6iNXgJZ6Jz8oueNMg72Tv23kSejsrU4eYxCTVaut, 0x6bc5a5718c8915f57f3a906f47dffbf3f37e48c487e96bdfbe2d5ae1a76cdb2d, 3088203, 20.0, 2023-03-15 02:35:36, balances, transfer_keep_alive
3087902-2, p8CkqtseGHGojTcizexA8vLrHXyf7WmhEj9spyTjMV9MeSMAB, 0x838cc50e8ed78142d8f3435c647422066dc1fb3e30c5d69c583cae953508a97d, 3087902, 2.0, 2023-03-15 01:34:12, balances, transfer_keep_alive
3087813-2, p8EAmoEZyuqfWYm4hp8GvmXp2fGKa5hWYBUyZNDP5aebXVES2, 0x331f6a6dfa34c5f096e60ace0bcbd1fe465b01a178aae88addc194092e481d2e, 3087813, 40000.0, 2023-03-15 01:16:24, balances, transfer_keep_alive
3087735-2, p8EAmoEZyuqfWYm4hp8GvmXp2fGKa5hWYBUyZNDP5aebXVES2, 0x0f5ed8782e95417fbce9739859c3673a82e8f6d87c4bb831b3785ffe7058e913, 3087735, 68655.0, 2023-03-15 01:00:31, balances, transfer_keep_alive
3087369-2, p8F4GkY9PCKvf2zVfezuuuKGMzJL1trAPk5tM4rXtzVrdNKtE, 0xec7bf9a7eaa080d3dbc6b50efd5fdcc10b961d4e5ef2bf6ea7b3b9135d62e799, 3087369, 100.0, 2023-03-14 23:46:18, balances, transfer_keep_alive
3087329-2, p8CQCFZ1hZpRG4NGhtqKJRMsAaTjtQqC95BLnEXyfLdHsG3wU, 0x4f09069eeee59ddf54eb2660a7ef9f4f53fff8d1d8288cc968ac8522e76694f2, 3087329, 70.1, 2023-03-14 23:38:06, balances, transfer_keep_alive
3087260-2, p8BQs2UYcfbZb4yNZ52gDiymmWQMZtRWX814cP8W65qNnCKXR, 0xe709815cdaa8500d4cc1abcc8d4bfdc57f69866c2597d01e821d53efc0951660, 3087260, 22.39766, 2023-03-14 23:24:12, balances, transfer_keep_alive
3087019-2, p8FHhwNEccYicnFtdheDzCxYKYUBeqoGZfodjWJX1nazACsoc, 0x2aa0fd4f2337704d6676f30b487412c875ac038164e35196ef72207cd5046008, 3087019, 3199.24254, 2023-03-14 22:34:24, balances, transfer_keep_alive
3087006-2, p8FHhwNEccYicnFtdheDzCxYKYUBeqoGZfodjWJX1nazACsoc, 0xbc91c8feffbb35859d377a0e118d64592922fd106283012b367b4f43d17fedf0, 3087006, 97.0, 2023-03-14 22:31:48, balances, transfer_keep_alive
3086718-2, p8EDE7MaSBQAEU8s4wqq7Y6JWSZ7wR6XapJPHP2kqmdjRy7MQ, 0xcd8abf0a1425fe284e1e504b283f94dc474a9c7532ab81bf783d5909e7f551ce, 3086718, 7.0, 2023-03-14 21:32:48, balances, transfer_keep_alive
3086437-2, p8F7cVf5gBHpmppxDpTfyNaj1KWJNq9GZpZ8ypxhL7B1GfNy7, 0xeb1cc4399fc026b4c6cfd5f0852c59f57bf7708051924baec733d7036712de94, 3086437, 4050.0, 2023-03-14 20:34:48, balances, transfer_keep_alive
3086414-2, p8F7cVf5gBHpmppxDpTfyNaj1KWJNq9GZpZ8ypxhL7B1GfNy7, 0xa39e67f0bd89e718bb22560c101022a02978d60bb244ee844b1411b105ea477a, 3086414, 1820.0, 2023-03-14 20:30:12, balances, transfer_keep_alive
3086367-2, p8G2CyaMsCzxE1nSny733TeNnfQ4d1rra4VuZgqpD6LBT7Kmn, 0x3d1ad9a13b3eb70b54c1a47ec7e20266a24ec8d6e9a4579046ebd70e91d750d1, 3086367, 30.0, 2023-03-14 20:20:36, balances, transfer_keep_alive
3086296-2, p8D4qBmkdBCQGY9kRN6iaoqtdaWZLy2hjoW7kgW2fNYGz6dZ4, 0xab9d138c859c147df3bdfdb1f2e996337c94ba314011a01bcdeac0b4c8994ff1, 3086296, 28868.93273, 2023-03-14 20:06:24, balances, transfer_keep_alive
3086289-2, p8D4qBmkdBCQGY9kRN6iaoqtdaWZLy2hjoW7kgW2fNYGz6dZ4, 0xf9828ceeadc1beea2ce0645477567f110144e3c9fa596f5a2f2c8f9e895f6bf8, 3086289, 5.0, 2023-03-14 20:05:00, balances, transfer_keep_alive
3085615-2, p8FAd6gwkvSPtG7ujrqHxkYYsY8qgPrrYTLX2C1M9zfWdf5mJ, 0xb4ae774e329f5dad215a2f6fbb981148a35718580070480641fe8b2ff91310a6, 3085615, 2.9, 2023-03-14 17:48:12, balances, transfer_keep_alive
3084404-2, p8FXSw5NiZRfjwpYsCYG9JzodnGAomj545CdrnRdy9bBfNPjw, 0xc2d0c44bb71fa8a4a9c2523d0bf778f50dff9112c0a4b1aa7b21a27faa3b1b26, 3084404, 30.0, 2023-03-14 13:42:54, balances, transfer_keep_alive
3084021-2, p8BQs2UYcfbZb4yNZ52gDiymmWQMZtRWX814cP8W65qNnCKXR, 0xdf558bdf35b7b89ae7c48eee4224f218108255585b7beb53ea042b4c5f82b5ba, 3084021, 19.22626, 2023-03-14 12:25:12, balances, transfer_keep_alive
3083136-2, p8FFefy4oxWXwkVW3ZuFQaEjFU4q4xhi7hYhchesCkZPUYpEq, 0xcda2850e4428733ece47eb1325bba29e70f661741617938f7cbb47e131f2ffdb, 3083136, 17.95909, 2023-03-14 09:26:18, balances, transfer_keep_alive
3081363-2, p8E7S6SMaSNGgQEd8Fg4fF2jJKwB1Efon5TEKVsjJUQXYqEpA, 0x0bb298867e42bc769f4327b05e68f2306da129edce5d555a2b4698c738fee822, 3081363, 60.0, 2023-03-14 03:27:06, balances, transfer_keep_alive
3081234-2, p8BQs2UYcfbZb4yNZ52gDiymmWQMZtRWX814cP8W65qNnCKXR, 0x674749f744e8a3acb0368a851be8c78107632c4d23c24a906013c675b7a77786, 3081234, 49.27039, 2023-03-14 03:00:54, balances, transfer_keep_alive
3081220-2, p8EAmoEZyuqfWYm4hp8GvmXp2fGKa5hWYBUyZNDP5aebXVES2, 0xdda58a304ff167fa0b3e0788aca39d19b7d864846d406b5fe67628bb2e1d27ea, 3081220, 95000.0, 2023-03-14 02:58:00, balances, transfer_keep_alive
3080924-2, p8CypG9Ra6iNXgJZ6Jz8oueNMg72Tv23kSejsrU4eYxCTVaut, 0xae7967c78c2195a4ac75e2abe15b1aa138a5bdb1dcf88fb799c239b3747455cc, 3080924, 18.0, 2023-03-14 01:58:00, balances, transfer_keep_alive
3080230-2, p8GZcZBtg34V474kqhHbMzUY7DMWzNvBhKQDBrw4yiwNn8vjN, 0x627cf1d0d84bee07893112a40c133da658aa9de3dfa9b925e61ecd16e06cc534, 3080230, 1.0, 2023-03-13 23:36:42, balances, transfer_keep_alive
3080222-2, p8G4y7xfE6gCL9stboGVHTqwijuqWhfYBkBkgzzcivJnGGE9p, 0xf0be7be2746a89172b5cb7f1c853dd515f24cfc28dc725fb9d914374985e73d4, 3080222, 2.0, 2023-03-13 23:35:06, balances, transfer_keep_alive
3080221-2, p8EAmoEZyuqfWYm4hp8GvmXp2fGKa5hWYBUyZNDP5aebXVES2, 0xe653e1d64f73a36acda4bcf3670d85a83227cb3d2aa66e3467ea3039f4b07c02, 3080221, 12880.0, 2023-03-13 23:34:54, balances, transfer_keep_alive
3079869-2, p8CQCFZ1hZpRG4NGhtqKJRMsAaTjtQqC95BLnEXyfLdHsG3wU, 0x8e7c5fbcf392c0170701f743d7a0300e56378fac70df6d33d2c63e43d2db6f48, 3079869, 32.5, 2023-03-13 22:22:54, balances, transfer_keep_alive
3079741-2, p8EAmoEZyuqfWYm4hp8GvmXp2fGKa5hWYBUyZNDP5aebXVES2, 0x1957853e14ea0b0b3614a65408133847bac12245e17eb4b3b92395b0601091ac, 3079741, 10000.0, 2023-03-13 21:55:54, balances, transfer_keep_alive
3078184-2, p8BKVRfgBG6RHz8bVp2yVdvrmHc7szNKLu4ibucYgqhXqydkM, 0x86cea17b21788308af59f14baa746f3dd3a366cce278214a215b4611c56f1325, 3078184, 1.0, 2023-03-13 16:36:43, balances, transfer_keep_alive
3077848-2, p8GTuWb5DGMyf4gNLL9M4kq2tEEdtwKTac5G5DYZkJxmLXQCn, 0x4c939c8d1d99e11b60bb389af33a28585d85a220946dc3effb3b735be34b1210, 3077848, 92.31902, 2023-03-13 15:27:39, balances, transfer_keep_alive
3077011-2, p8BMD5hMbPcDhqVz7b1pBbbTSzUW7Xj8TzQ4PU6yToR5493Lk, 0xc75d7f3f829c8c8181f002d453ba917fa1c5f766bfb395b11064d35d6e21a0d4, 3077011, 92.27168, 2023-03-13 12:21:03, balances, transfer_keep_alive
3076571-2, p8GH2M5aznsLcA71Uij4bXmdvoDrCUwCJP9KHR7jpjJrmi49M, 0x763c42c3209643c3e1856c4517764fa5305894542f2d9feff8cadb5fb51e23b5, 3076571, 569.0, 2023-03-13 09:56:46, balances, transfer_keep_alive
3076399-2, p8CQCFZ1hZpRG4NGhtqKJRMsAaTjtQqC95BLnEXyfLdHsG3wU, 0x6f0e68b953b440652f66c3ddeacdcfaf18c02d33bfaf6b7c371dd7057b92be61, 3076399, 5.0, 2023-03-13 08:18:50, balances, transfer_keep_alive
3075832-2, p8CQCFZ1hZpRG4NGhtqKJRMsAaTjtQqC95BLnEXyfLdHsG3wU, 0x7c20376a546980637471c0142ce75e4e786d5efd42ce1ff7e2ebd673cc3cdeaa, 3075832, 18.7, 2023-03-12 22:25:26, balances, transfer_keep_alive
3075631-2, p8DCv9V8fMhehzudeBvFBGdLHfUKqkS2KQekLvtBCoDaDpn9V, 0x2852c40a4488e9b9ac230c62bd59dcfe254ee0a6bb5d857db675e09d9f6357e7, 3075631, 50730.0, 2023-03-12 19:37:42, balances, transfer_keep_alive
3074820-2, p8B3zQCQ74odNLJaZDwiL3GBEbp3QTFDLPXx38rhBebqNxatP, 0x4daa88bbaab648a3334759c1f4afca80742e2e81caa2a2deddd906adee36791b, 3074820, 2.38108, 2023-03-12 08:16:03, balances, transfer_keep_alive
3074457-2, p8EAmoEZyuqfWYm4hp8GvmXp2fGKa5hWYBUyZNDP5aebXVES2, 0x343350dc718895e31c46d8cc57619429309fccc588e510c47fe17947fafce6ff, 3074457, 2.0, 2023-03-12 04:19:16, balances, transfer_keep_alive
3074381-2, p8CypG9Ra6iNXgJZ6Jz8oueNMg72Tv23kSejsrU4eYxCTVaut, 0x25eb30344a770c364238f91c2c18ae45dd09bf1eaa78d1dd1ad5a9a54d8fd33f, 3074381, 19.0, 2023-03-12 03:36:22, balances, transfer_keep_alive
3074302-2, p8BQs2UYcfbZb4yNZ52gDiymmWQMZtRWX814cP8W65qNnCKXR, 0x6e480126c66bce15c5d8a2e7c779e892fc4d6e028921fc516afad32e93d986cf, 3074302, 41.18857, 2023-03-12 02:53:39, balances, transfer_keep_alive
3073951-2, p8B13yGzYRn5AkGQQnPUWGzxbKXe3WEdGduRL6umMjque3gme, 0xa07a0ab9ea20c67372458bcff2d8b0c6d878d48d6373d9824412c408fcafaccf, 3073951, 1.0, 2023-03-11 22:58:06, balances, transfer_keep_alive
3073913-2, p8CDBt8363V9w5TpcG7irSknAUTsh8DU5YbQGErRvgm74NbVH, 0x8d6dbb6ac5a5ca9bc35f46be1e4e928ed7a42e598ebe691fb3f3f0c43f35b3c3, 3073913, 1.72408, 2023-03-11 22:50:30, balances, transfer_keep_alive
3073812-2, p8CQCFZ1hZpRG4NGhtqKJRMsAaTjtQqC95BLnEXyfLdHsG3wU, 0xd919d056eced2dcf80f48fb70fe1406a56887287a44eb4855092d8bacfa31552, 3073812, 66.56, 2023-03-11 22:30:00, balances, transfer_keep_alive
3073549-2, p8EUauAV858My5YjyYQw6Yq7jjtDhvWQMup84R29nhHWor7QG, 0x7235b37811152e84d4834d2dc83f7081317fc72332611fbb30dd04055ff70914, 3073549, 548.29858, 2023-03-11 21:36:12, balances, transfer_keep_alive
3073544-2, p8EUviAPDUzwsC3GXQVwXzedDznKKveYeze46pNqcu9Cxp4WW, 0xa05817cd07c5ec40afa9b755924d5a5604e141009d433fe33bba96eda450a3c4, 3073544, 137.91591, 2023-03-11 21:35:12, balances, transfer_keep_alive
3073537-2, p8DAynfYD6rgmf1c635Fp6iHwWVtLz7kmqBvVjbSNJD1KHwcX, 0xbdf1b4a183429c4dae8df1c119ddaa847634e79fb52ed44f7733f61639acd3ad, 3073537, 470.0, 2023-03-11 21:33:48, balances, transfer_keep_alive
3073522-2, p8Cw3aQpA4J9jgdHPUiQuQELGYTYY68jQCzEDjsfj9MqmmYSB, 0xa73a093c2da76e156dd6a0cdd102d0e3b91ffa3834896ddc11e01fead3b9a181, 3073522, 422.52464, 2023-03-11 21:30:48, balances, transfer_keep_alive
3073500-2, p8CPY9LFu6yNyUBGfg3FJEatfxskyW3ZKXCqNfwSLsbMpCbE6, 0x196cb6c0fed62a044e963c1caee0b2127a16c4b1685ea7166e750cfb68e89cb5, 3073500, 5.0, 2023-03-11 21:26:12, balances, transfer_keep_alive
3073024-2, p8EAmoEZyuqfWYm4hp8GvmXp2fGKa5hWYBUyZNDP5aebXVES2, 0xd85af60be0666aad264420be7d191d5d82de76fd96fc11e9801d3e87b83a2e67, 3073024, 6430.0, 2023-03-11 19:48:42, balances, transfer_keep_alive
3072888-2, p8EAmoEZyuqfWYm4hp8GvmXp2fGKa5hWYBUyZNDP5aebXVES2, 0xd5a130e62ffa1a194dce40bf1c398e5a2ebd3de4afc5b47848e272542f00dbb7, 3072888, 20000.0, 2023-03-11 19:20:36, balances, transfer_keep_alive
3071593-2, p8EAmoEZyuqfWYm4hp8GvmXp2fGKa5hWYBUyZNDP5aebXVES2, 0x371abd9982ff7072eb9c9900c49779c57baf5271ddeb96cd2a3578149dad4693, 3071593, 30000.0, 2023-03-11 14:56:06, balances, transfer_keep_alive
3068952-2, p8EAmoEZyuqfWYm4hp8GvmXp2fGKa5hWYBUyZNDP5aebXVES2, 0x54331007cd57b92203ff7031f5f7665f804f7928f4c49940f4789054e6a9b356, 3068952, 20000.0, 2023-03-11 05:56:48, balances, transfer_keep_alive
3068817-2, p8EAmoEZyuqfWYm4hp8GvmXp2fGKa5hWYBUyZNDP5aebXVES2, 0xcddd5fe96e043040f736a02738b757e9749d961b9a54df00b6cf3c66aac84e82, 3068817, 20000.0, 2023-03-11 05:29:12, balances, transfer_keep_alive
3068744-2, p8EAmoEZyuqfWYm4hp8GvmXp2fGKa5hWYBUyZNDP5aebXVES2, 0x34769f0a58faa22b4f1bcec4bf69532f6d93e09807f709eb3afc0c22eef6fa72, 3068744, 40000.0, 2023-03-11 05:14:12, balances, transfer_keep_alive
3068681-2, p8EAmoEZyuqfWYm4hp8GvmXp2fGKa5hWYBUyZNDP5aebXVES2, 0x404cf325a205d720f38c39ba9fb465f934516c9961f1943fb62b96210439ba11, 3068681, 20000.0, 2023-03-11 05:01:30, balances, transfer_keep_alive
3068222-2, p8BQs2UYcfbZb4yNZ52gDiymmWQMZtRWX814cP8W65qNnCKXR, 0xeeddfdf41d82039237495232b6927a30bc9295f4ba42aae987155ce0c2d9b07a, 3068222, 28.78959, 2023-03-11 03:27:42, balances, transfer_keep_alive
3068100-2, p8FkJHxzPjg2a8bUzb88QC5RKFpKPgrP3J9i8wsaJSkBtQumk, 0x4e53d5d6a86685665485e615b93385259a495cb90d4d3f9a01a560a55b200319, 3068100, 1.0, 2023-03-11 03:03:00, balances, transfer_keep_alive
3068080-2, p8FkJHxzPjg2a8bUzb88QC5RKFpKPgrP3J9i8wsaJSkBtQumk, 0x37d6c313771ad3837b1dd14d0eb74a24da2a42e1efc2722c813f02f8210c06b4, 3068080, 10.0, 2023-03-11 02:58:54, balances, transfer_keep_alive
3068078-2, p8DZwH23BqynybhEY8BKNdMoJvZYP9V6sEYbbouDjH49VFnzc, 0xfce1d41d803b0232cf98b5a1f8d9a96ab583f5baa66e1427b1a3bb3337683c53, 3068078, 103.0, 2023-03-11 02:58:24, balances, transfer_keep_alive
3067672-2, p8F5JfowB8wk17m3MVVkBDTSuFMmF9P45UjDdTuLgPoaezTLR, 0xee10a80a853ad5c1962b654617feaff4741166d283ab4d70a0236d8f3be2e48d, 3067672, 477.58903, 2023-03-11 01:36:30, balances, transfer_keep_alive
3067558-2, p8EaTnTMP8nKqhVGGhTaRzYvHtqZxvNHpaD9AnbE3n67WShqx, 0xc91e056594fc81d1f3c930e8af8f30ee4a7e97d82595e984b7c019ba57bed241, 3067558, 0.4, 2023-03-11 01:13:06, balances, transfer_keep_alive
3067270-2, p8CypG9Ra6iNXgJZ6Jz8oueNMg72Tv23kSejsrU4eYxCTVaut, 0xe1f34ff981cf09fbd656764735cc6ef7de6dc8a51467ebbc019e6d913f2ac214, 3067270, 17.0, 2023-03-11 00:14:30, balances, transfer_keep_alive
3066727-2, p8CQCFZ1hZpRG4NGhtqKJRMsAaTjtQqC95BLnEXyfLdHsG3wU, 0x83d61d6dd3d2ac6e420be4b924d3c1748e5184a6c120ef2d078b2202587fe0fc, 3066727, 66.6, 2023-03-10 22:22:30, balances, transfer_keep_alive
3066723-2, p8CQCFZ1hZpRG4NGhtqKJRMsAaTjtQqC95BLnEXyfLdHsG3wU, 0xeee043cbb775ea15f88369fa33fd57bb0172516c49d2de7e91e3b31b6b6e4650, 3066723, 66.7, 2023-03-10 22:21:42, balances, transfer_keep_alive
3065653-2, p8Ew2KKypNdfuKr6tEcmu8dvkaD3gtX1whJX8AFXvXov92BaY, 0xcbff2dc42626c30a861b618763ff68d8168f95c879263209b48b0aab6d1eb88e, 3065653, 0.1, 2023-03-10 18:41:06, balances, transfer_keep_alive
3065324-2, p8FPewCTYa136fjDeHNr6fnPHYQGJrfLWvXp7NGxXSHJoDa1b, 0x18a23caa0480ed92a53e59b2d808485b7cbc70babb82390fe448ee078933f729, 3065324, 20.0, 2023-03-10 17:33:24, balances, transfer_keep_alive
3064889-2, p8GTuWb5DGMyf4gNLL9M4kq2tEEdtwKTac5G5DYZkJxmLXQCn, 0xf319badc4fc93f8d275203f3751aad04906f6c4eac95f458f8abc7c890b6839b, 3064889, 657.0, 2023-03-10 16:04:36, balances, transfer_keep_alive
3064817-2, p8EAmoEZyuqfWYm4hp8GvmXp2fGKa5hWYBUyZNDP5aebXVES2, 0x246530634a2b226e07ddb4d21d2aaa8fe973b52efb0b1f0cc04340ff92cd6bf0, 3064817, 20000.0, 2023-03-10 15:49:48, balances, transfer_keep_alive
3064074-2, p8BQs2UYcfbZb4yNZ52gDiymmWQMZtRWX814cP8W65qNnCKXR, 0xbc034fa040b6d8f5d37fa6c3c4e820cbdcb50b1ef61a8abd6febbc595ec846c4, 3064074, 49.0599, 2023-03-10 13:17:00, balances, transfer_keep_alive
3061658-2, p8EAmoEZyuqfWYm4hp8GvmXp2fGKa5hWYBUyZNDP5aebXVES2, 0x282af77b172bc22003a4bf589571b5f5ab0e1eefc9dca4502c7e6625896d22b6, 3061658, 20000.0, 2023-03-10 05:03:44, balances, transfer_keep_alive
3061564-2, p8EAmoEZyuqfWYm4hp8GvmXp2fGKa5hWYBUyZNDP5aebXVES2, 0x048c9b9c38b12c556947ede2b5e9eaac8454aad61f7c5d2e3d3bcbebfc176c72, 3061564, 165441.0, 2023-03-10 04:44:18, balances, transfer_keep_alive
3061555-2, p8EXncagY2qPf7K6PDTW1ozaZki3W8Cv76HzXWAtKvJdUF9Rz, 0xf5fbf42b3602030f75791ceea19c2c3158f19a24769262035b22861aeabe33f4, 3061555, 20.0, 2023-03-10 04:42:30, balances, transfer_keep_alive
3061189-2, p8CypG9Ra6iNXgJZ6Jz8oueNMg72Tv23kSejsrU4eYxCTVaut, 0x455bcbacac5dea8270183af92c34db0f6deba97c5baeae66784551024ae20671, 3061189, 40.0, 2023-03-10 03:28:00, balances, transfer_keep_alive
3061144-2, p8Ejvp8oFVXCoUGWQfyDfBuDxL94xyk2QPNXwZnnoBQNHF9ow, 0x5cf5c205139761970a7e8bddab55059473de3354ea23d75fd25dc73820d81f5f, 3061144, 5.0, 2023-03-10 03:18:54, balances, transfer_keep_alive
3061138-2, p8Ejvp8oFVXCoUGWQfyDfBuDxL94xyk2QPNXwZnnoBQNHF9ow, 0x6ed76943c1ce02fb1dc5dd1ac59f9e3eb2e2dfd04e320eb67f51445c90047209, 3061138, 5.0, 2023-03-10 03:17:42, balances, transfer_keep_alive
3061126-2, p8Ejvp8oFVXCoUGWQfyDfBuDxL94xyk2QPNXwZnnoBQNHF9ow, 0x49f085d42a26c94ff5366e2f887ce38aec031a42aee93a9dd810da66483ae31e, 3061126, 5.0, 2023-03-10 03:15:18, balances, transfer_keep_alive
3060725-2, p8FvZdmDGAnhuhKCTEH8kuSi9HcUFTrqkEiiFyS9U57RfCyd3, 0xed326956bce6b03d21b0bf7073e82bf61897b4fb3ada1b9bb5e9964e628f0a62, 3060725, 36283.06236, 2023-03-10 01:54:12, balances, transfer_keep_alive
3059854-2, p8FS92UYNtB6vC9cffaJxxsLUjsNL2e69osnQSDEeoSrva1dQ, 0x6300c914ecd43762a533533098a748210bf3c515fc40d58579b698737e7fb2df, 3059854, 1000.0, 2023-03-09 22:55:42, balances, transfer_keep_alive
3059841-2, p8FS92UYNtB6vC9cffaJxxsLUjsNL2e69osnQSDEeoSrva1dQ, 0xc01d59118d1478cefe02fd886da06994d8d4da6b56e219ec45969f0eed35d72f, 3059841, 120.0, 2023-03-09 22:53:00, balances, transfer_keep_alive
3059633-2, p8CQCFZ1hZpRG4NGhtqKJRMsAaTjtQqC95BLnEXyfLdHsG3wU, 0x01794e98d22f72eaa81b766c6a727d054b90a796cf7ed2783c2f2b3d4052d726, 3059633, 37.4, 2023-03-09 22:10:54, balances, transfer_keep_alive
3059396-2, p8E87Sp89AtV7mkqz2SJ93NHDrDk9VJzrbwsSKnxyukJ4Q9t2, 0x6cb2269b3d9af9e6aa0296ccd9465503b926130b233ec1b8671c7df052ce96fb, 3059396, 5178.09583, 2023-03-09 21:22:18, balances, transfer_keep_alive
3059296-2, p8CDBt8363V9w5TpcG7irSknAUTsh8DU5YbQGErRvgm74NbVH, 0xfeaa5730aa780cd13037eb9ef27bc4a251838dffd73c3d8598611b1effecc102, 3059296, 4.74156, 2023-03-09 21:02:13, balances, transfer_keep_alive
3058373-2, p8FU5wWQyiKnAX2A9ohCvwa4fgNHKC9B4cDriboDYZeT3Heno, 0xc32816de3b26ddc9ec3c1208a4ebc8d8453d6309e9ab83a9311910d571fa63ac, 3058373, 10.0, 2023-03-09 17:54:18, balances, transfer_keep_alive
3057786-2, p8F7syG647dZCftq8Fr4Wo75nizYoyerz6a87Uo6vop9HwfMt, 0xbad3da70accc9461e0c7992da852359c50f25e18a39f3d0b19471b7e0ddc1a58, 3057786, 1.0, 2023-03-09 15:55:24, balances, transfer_keep_alive
3057640-2, p8CrKoKobTVcN6T2tBjrkjQghRsiyrmPTef9PQm7KRgrX2YeP, 0x0b30e688ac945747e7e884fb40c4c0ff6a27fecd52e7fed68b3e89977b626365, 3057640, 10.0, 2023-03-09 15:25:55, balances, transfer_keep_alive
3057040-2, p8BQs2UYcfbZb4yNZ52gDiymmWQMZtRWX814cP8W65qNnCKXR, 0x8e26e7983d401d0c64530c18efa73e31dad9f26a24f5c4db2e7025a80452347c, 3057040, 19.1561, 2023-03-09 13:23:24, balances, transfer_keep_alive
3056642-2, p8EP42JCDfy5zaPTcmwMSdT3r8JMnn8S54JoQovAmN5cPMDZL, 0x64a04a9dcfd2e8fb651c77bc1a26e309924287a8de9a8a388eea4c92e0de3e40, 3056642, 50.0, 2023-03-09 12:02:24, balances, transfer_keep_alive
3055641-2, p8CQCFZ1hZpRG4NGhtqKJRMsAaTjtQqC95BLnEXyfLdHsG3wU, 0x90b40f83bbcee70e5045efd46ad52426618255a3682f039f7a144a6d75dc679a, 3055641, 95.2, 2023-03-09 08:39:18, balances, transfer_keep_alive
3055586-2, p8EckMbjiDmULXCPw6G8RohPzP9npZkAQ1Hn9mKP3AxXavJK9, 0x847588882631e480bfef808df8b3e16a15ead7dfc5692fb77a1a19098b5c8919, 3055586, 5.0, 2023-03-09 08:28:06, balances, transfer_keep_alive
3055299-2, p8C8aQGvRs8wcRcqrPqjH1Dp3UE37tCsznga78qojgFjFDSxv, 0x50751d474c4f277fd5f7bd1362438da72cbe42c7533bd983d82ff08342a81f25, 3055299, 1869.84428, 2023-03-09 07:30:00, balances, transfer_keep_alive
3054269-2, p8BQs2UYcfbZb4yNZ52gDiymmWQMZtRWX814cP8W65qNnCKXR, 0xa002cc5f7dc96e4bb4a7758fff0a98030eff283b0ec4459e55c3f111ccb19c34, 3054269, 55.29045, 2023-03-09 04:00:24, balances, transfer_keep_alive
3052280-2, p8EJHWnb2GaWs4TRRFBz9Ne3i92cYMLM71wxMviGhxFGTbCKx, 0xbf4b51f0177d9fc7d88cff5bb7caeab3c9822b0081d1c2a2a5b729a0a0324348, 3052280, 1.0, 2023-03-08 21:15:18, balances, transfer_keep_alive
3052125-2, p8EAmoEZyuqfWYm4hp8GvmXp2fGKa5hWYBUyZNDP5aebXVES2, 0x23a9d91cc205a27b11fc8ff026fcadabe6579a539015adc22eea8de7b4f1d127, 3052125, 20000.0, 2023-03-08 20:44:00, balances, transfer_keep_alive
3051769-2, p8DA8aHVVCBEPpGo5eSTw7KPQtJR6jVZuqux3L16GjawiSYVw, 0x08ddcf2a7705aec200adb6b5a251a45e33db1789b0cbd4ecab9c06f012115679, 3051769, 22383.43077, 2023-03-08 19:32:30, balances, transfer_keep_alive
3049364-2, p8CmSDFbBiaqxt4fZJiwr7MTXfLDix9CdzqbWgC5ehoW39Lpx, 0x854ba24e533cf245b37b5a6c306fbf9ebaaa6809e0eec8f3157dd2b95589664a, 3049364, 103.0, 2023-03-08 11:28:18, balances, transfer_keep_alive
3048841-4, p8EXGjA5uUAVxWWviATE5AK3zieGkJobJdoxrAjoJi76VCNHm, 0x90d93082821f87d177b52272b76d64115e8966c8024406d664e308a1dc1681a7, 3048841, 500.0, 2023-03-08 09:40:42, balances, transfer_keep_alive
3048563-2, p8EHji7UyTMexw5Gvuue5kwPP8GDb5gyrSHs9HQAKkywJehw4, 0x46593dc8249a038724d4e2e75a966a7ab3662a61427038e904fa3384b1f73f4d, 3048563, 235.1, 2023-03-08 08:43:42, balances, transfer_keep_alive
3048457-3, p8CQCFZ1hZpRG4NGhtqKJRMsAaTjtQqC95BLnEXyfLdHsG3wU, 0x0f107298cdc0768294f72544164525aa0874ed027b19d18e352c683addbc4ffa, 3048457, 66.6, 2023-03-08 08:22:18, balances, transfer_keep_alive
3047349-2, p8EAmoEZyuqfWYm4hp8GvmXp2fGKa5hWYBUyZNDP5aebXVES2, 0x9d052dd962b54cbd11cb1cef5259b676fd6710825fff6ed97661555c5e352010, 3047349, 10270.0, 2023-03-08 04:38:54, balances, transfer_keep_alive
3047348-3, p8E5hmbJiBpDFbQV2xuHmg2XMEH9WApo8ei9yATxXmf5TavVP, 0xb0d749d0d536877edc68f84af29afad16da90599e654840949f67eabd41e3711, 3047348, 50.0, 2023-03-08 04:38:42, balances, transfer_keep_alive
3047306-2, p8EAmoEZyuqfWYm4hp8GvmXp2fGKa5hWYBUyZNDP5aebXVES2, 0x5fd0b464215028b85825a4e38a621cc7a55ed601a7b42153e6ae62eaa75c5baa, 3047306, 121160.0, 2023-03-08 04:30:18, balances, transfer_keep_alive
3047035-2, p8Bg2Zm7P63Pg18LASmLA2bdShdYRasY3Vp7cKEZxFG72Sh7K, 0x81bae9f662cf348205f9eb4faa1852f0cc9ef6c9291c1c36e9514d52e0a75c4c, 3047035, 2.0, 2023-03-08 03:34:48, balances, transfer_keep_alive
3047025-2, p8Bg2Zm7P63Pg18LASmLA2bdShdYRasY3Vp7cKEZxFG72Sh7K, 0x78113c462a3bc9f285bd3ad3b93622ef6fde93a8b3aae7cd5822d63cc1f63b63, 3047025, 10.0, 2023-03-08 03:32:42, balances, transfer_keep_alive
3046586-2, p8CypG9Ra6iNXgJZ6Jz8oueNMg72Tv23kSejsrU4eYxCTVaut, 0xf1f3bbd3f404d843eb8bdd85c0c93f4ee095f0fbe253ad60b502d5716bec9d51, 3046586, 18.5, 2023-03-08 02:02:42, balances, transfer_keep_alive
3046331-2, p8BQs2UYcfbZb4yNZ52gDiymmWQMZtRWX814cP8W65qNnCKXR, 0xd5fe4434669ca4c9bdd0b9dc6d4824a8b9509b6e3de132ddd47a5c1de4893820, 3046331, 32.77489, 2023-03-08 01:11:18, balances, transfer_keep_alive
3046323-2, p8CBUEcUXzqH8vkofaMR2b89K3L4XhDTVR7Hgvfbc419EgADQ, 0x96b2f18f94bb56259b42f339648f0cd78fc1935acd21b6687ffc828b1277899b, 3046323, 720.35658, 2023-03-08 01:09:42, balances, transfer_keep_alive
3044824-2, p8GTza1rShTkTsRkGCmRm7BucJkXs73b5Q2W3qGTweS35nFzX, 0x9f16388de442851f95148fe5c83fdfc772c1683399ec13bc4ce616075ce9fa0d, 3044824, 180.7832, 2023-03-07 20:07:30, balances, transfer_keep_alive
3044815-2, p8GTza1rShTkTsRkGCmRm7BucJkXs73b5Q2W3qGTweS35nFzX, 0xe07c7cadba2c30957e7390de1c1a9c3a31f1773986d03304e78eeec1dc1ac2ff, 3044815, 10.0, 2023-03-07 20:05:30, balances, transfer_keep_alive
3044627-2, p8FFj5jNT2XBpeEUWFcUcbXR1DZdR9kJ7CBAbJtJoBy3o3gma, 0x05822bc24818a371b164be2dc155edbcf94dccd5423ffedc548f8496d6c0654c, 3044627, 36.493, 2023-03-07 19:27:06, balances, transfer_keep_alive
3043125-2, p8EAkbSJB2qThpSRHMCVbG2djDdSz6WV7zJe8QNoZiMbf99Ry, 0x7f964da0ad3f3ac051c13f813062dc985da0d9420c11cb0d59a05c352d71426d, 3043125, 80.0, 2023-03-07 14:23:18, balances, transfer_keep_alive
3042899-2, p8EAmoEZyuqfWYm4hp8GvmXp2fGKa5hWYBUyZNDP5aebXVES2, 0x2608ecef3592d1b5fb580052fee1e889cb3adabc36e61cc6429fe0bffa973c68, 3042899, 10000.0, 2023-03-07 13:37:48, balances, transfer_keep_alive
3041807-2, p8BMD5hMbPcDhqVz7b1pBbbTSzUW7Xj8TzQ4PU6yToR5493Lk, 0x34f2697f75837469b130c8c085c57fa4394538e781aeac946cc2e91187473a42, 3041807, 62.69837, 2023-03-07 09:57:42, balances, transfer_keep_alive
3041612-2, p8BQs2UYcfbZb4yNZ52gDiymmWQMZtRWX814cP8W65qNnCKXR, 0x2751318893954a093e9b253c3a75dba4257aec8b71b6e461ac60c0e067b31ce2, 3041612, 41.59448, 2023-03-07 09:18:30, balances, transfer_keep_alive
3041321-2, p8CQCFZ1hZpRG4NGhtqKJRMsAaTjtQqC95BLnEXyfLdHsG3wU, 0x1e24ba91d78be0a890ee179e9722d00bdee26e8ea335a1d6200fd4701ee93e20, 3041321, 67.3, 2023-03-07 08:19:48, balances, transfer_keep_alive
3041308-2, p8CQCFZ1hZpRG4NGhtqKJRMsAaTjtQqC95BLnEXyfLdHsG3wU, 0x77dd53cde4c502bf3b331b69734600130cde8a88061efa5e5727ab9f205929ae, 3041308, 67.4, 2023-03-07 08:17:12, balances, transfer_keep_alive
3041239-2, p8ChxwjQ4iUZkg4TWZpyF7yeZNGv4ejt119fEG7YEWfDMEasn, 0x6285c33cd71031fec2cf801423019dd2e73331bdc893d4ae11c388aa74ba4f87, 3041239, 1500.0, 2023-03-07 08:03:18, balances, transfer_keep_alive
3040322-2, p8EAmoEZyuqfWYm4hp8GvmXp2fGKa5hWYBUyZNDP5aebXVES2, 0xfbb7bdb984efef82e2bea0342e76e2c5333a81daf3421be5b670c7a07d546d9a, 3040322, 10580.0, 2023-03-07 04:58:54, balances, transfer_keep_alive
3040196-2, p8BJzLBQEDXZ9Hi7CM3ERCtAi3gcPHkxwo3eqXP4JV4wtkaLg, 0x4cf3507aae489c8d6568c288cac303bd990a9cebc81dc3894ca0d23949f98100, 3040196, 4.0, 2023-03-07 04:33:36, balances, transfer_keep_alive
3040194-2, p8BxHoCXLWy39KGLrYLpYGCJtKzBUvUVXXudmdinPrgF7Btbw, 0x868d1ffdab7396873150ada7a10fd940decb942faad5bf0a64a9c967ebb83876, 3040194, 19.0, 2023-03-07 04:33:12, balances, transfer_keep_alive
3040191-2, p8EewmgyZhNYCraraG6coqFowowK9GGxjL15wQXfBu9uAYKp9, 0xf72b92700f1a3acd1facf8a172ce6f2378b628462f9fc14fcc059db0b7797139, 3040191, 4.0, 2023-03-07 04:32:36, balances, transfer_keep_alive
3040189-2, p8FLqBmpW6cUiNY8WZms1DzUtupTqUfCAC7ZWDDQYRVg9zm4r, 0x11367c067596a0de051f48f96efc877c24dbac67c1b8cf749bcae3afbf51b067, 3040189, 14.0, 2023-03-07 04:32:12, balances, transfer_keep_alive
3040187-2, p8CpCwADdxsjHaB4H9CojxTneVtaNAWJtJZQ2xAYXVwpikWBn, 0xcb8805d886dea7db1e8063ad5be34c1c9be8ec4642085674230cce823fb05d3d, 3040187, 10.0, 2023-03-07 04:31:48, balances, transfer_keep_alive
3040184-2, p8B8dK6BF6Hw7uJpGFZVXGnYtcCXg58jbRWmRs2nv62UyzDwS, 0xdf0c2cb966c0aa1d61a65a82fcfe701c0ceaadb7673abd6c1f3d5b6768fd91b3, 3040184, 14.0, 2023-03-07 04:31:12, balances, transfer_keep_alive
3040050-2, p8EAmoEZyuqfWYm4hp8GvmXp2fGKa5hWYBUyZNDP5aebXVES2, 0x8e2b15dd4029f79750898f0b6789f171d81a4c872e52bfc3c82661d3b8fbf533, 3040050, 10000.0, 2023-03-07 04:04:06, balances, transfer_keep_alive
3039872-2, p8F72TWJPpbzrQyrTMvaczCNQhLcUf4LJvGZp52krYsACtgaU, 0x96c708148e87f3c42e9a65147f6d0b3496b7fe3e16dadb2e179af84532741b97, 3039872, 1860.0, 2023-03-07 03:28:18, balances, transfer_keep_alive
3039835-2, p8EAmoEZyuqfWYm4hp8GvmXp2fGKa5hWYBUyZNDP5aebXVES2, 0x49bf24ba2f80728b80b48184b887ecd0162995e2d6f34f8b1ba6f69127b6bcb1, 3039835, 10000.0, 2023-03-07 03:20:54, balances, transfer_keep_alive
3039756-2, p8CypG9Ra6iNXgJZ6Jz8oueNMg72Tv23kSejsrU4eYxCTVaut, 0x0d71467b9c7c37bc7953b014b4afbd0f8b16e482708dd9960195e644058ab4b2, 3039756, 9.8, 2023-03-07 03:05:00, balances, transfer_keep_alive
3038881-2, p8EFJon5LqhuiTuTR7Am5gsrzMV6N4xiB9gv6Xccm28TiBSKX, 0xe446006d67f4ef8281de86bf0afa0955bf76289d4c9cc5cf29b566e7a3769052, 3038881, 17.5975, 2023-03-07 00:08:48, balances, transfer_keep_alive
3038351-2, p8CJZqxjcth46jN6HY1tJkzF73wrvhgRxgaW2JFrSBwBT6Vft, 0xdc99b8b391fbd51a06ddadbc58d0c04c445245e7f56b5fd0e65886917c18de8c, 3038351, 5.0, 2023-03-06 22:22:06, balances, transfer_keep_alive
3038323-2, p8CJZqxjcth46jN6HY1tJkzF73wrvhgRxgaW2JFrSBwBT6Vft, 0xf7feb8badeca3c0a2e3e38efeac0c87b73a603e0c85584c2af5c43c44eb36713, 3038323, 1.0, 2023-03-06 22:16:24, balances, transfer_keep_alive
3038316-2, p8FqDsAoa2SxVqjzAGK6RPbq3VTS91VygakzLcmQoH7e2p9mR, 0x7c57511d374ede486e0b6f9c56102122555bdc26a3a77a867385439f7fd5b773, 3038316, 195.0, 2023-03-06 22:15:00, balances, transfer_keep_alive
3037960-2, p8EXGjA5uUAVxWWviATE5AK3zieGkJobJdoxrAjoJi76VCNHm, 0x934cfd5ba41d40ad1703a8e291203e966a9b4d181ab3642cc28e679d081aa8ed, 3037960, 100.0, 2023-03-06 21:03:24, balances, transfer_keep_alive
3037081-2, p8CLrR9n9KudqxDdFVgevnetizv2V2N1HhxL5jL77xFGivSMy, 0xdca5f1561c98a6fa7836b9512633831ec776fdd3e01cc2c6cb97f5af786a6873, 3037081, 159.03407, 2023-03-06 18:06:18, balances, transfer_keep_alive
3036535-2, p8CJZqxjcth46jN6HY1tJkzF73wrvhgRxgaW2JFrSBwBT6Vft, 0x7b690712c55a4d78e696ed721edf7aaca4c34da0f1228b6cfe872731d0742adb, 3036535, 5.0, 2023-03-06 16:16:00, balances, transfer_keep_alive
3036407-2, p8CJZqxjcth46jN6HY1tJkzF73wrvhgRxgaW2JFrSBwBT6Vft, 0x036a871ff1e724923af25c7c080cda87d0041eb4006a228fadd4caee61f4e9c9, 3036407, 10.0, 2023-03-06 15:50:18, balances, transfer_keep_alive
3036401-2, p8CJZqxjcth46jN6HY1tJkzF73wrvhgRxgaW2JFrSBwBT6Vft, 0x2a1bd699144991e6add8a011f516973ab76cd74cc0b0567a69d01e1356fee71c, 3036401, 10.0, 2023-03-06 15:49:06, balances, transfer_keep_alive
3035642-2, p8BQs2UYcfbZb4yNZ52gDiymmWQMZtRWX814cP8W65qNnCKXR, 0xdae61c659cee22a4275b5dc7f31cf9f260634befddf6d4b50ead1bf3f7dc3b66, 3035642, 81.39839, 2023-03-06 13:14:12, balances, transfer_keep_alive
3035584-2, p8CypG9Ra6iNXgJZ6Jz8oueNMg72Tv23kSejsrU4eYxCTVaut, 0x2f797f32020751ae624b225475ec9e625027b4293729b0a25c524789ab2f6ca9, 3035584, 29.0, 2023-03-06 13:02:30, balances, transfer_keep_alive
3034577-2, p8Eo6gMnoV1BfE2UY8VKhjH5eDCKkkmdXzsGD3UDstCXUvCRC, 0x384b41c43bf5868c6768e1fa9ffae8377176def07151aab0c8cb48df4619f5e3, 3034577, 50.0, 2023-03-06 09:39:06, balances, transfer_keep_alive
3034300-2, p8FFefy4oxWXwkVW3ZuFQaEjFU4q4xhi7hYhchesCkZPUYpEq, 0xdf2f695c30d263b13dcbb44d6b744fc87cafa2c11c1ff1b2b695b21160559955, 3034300, 18.3159, 2023-03-06 08:43:30, balances, transfer_keep_alive
3033266-2, p8EAmoEZyuqfWYm4hp8GvmXp2fGKa5hWYBUyZNDP5aebXVES2, 0x6135ced18be606527992ab9d41ca4cb07d79ad4a7e2db6b33bf66f2633d829ae, 3033266, 43500.0, 2023-03-06 05:15:18, balances, transfer_keep_alive
3032719-2, p8BmgeNXo4xcnSB9mXy1j7kopiVnoeQvQbdizJiVdxo1dKdoY, 0x812351081425c40051b27b3ed5b6597f48807576aef581417a7f3034b60923e7, 3032719, 328.77464, 2023-03-06 03:25:06, balances, transfer_keep_alive
3031971-2, p8CiJjA3TPgoDTivt7Qg8vmN5EqMYuL3FLXfpVEec8XrMjrNR, 0x2950f410973a8a0ec74fe7bb79abb970b6392f5f3c8d2c7bc2b1b6508580dbf4, 3031971, 25.0, 2023-03-06 00:54:00, balances, transfer_keep_alive
3031423-2, p8ELo1pQHWHQMsTkfTKz7Zo3eu7X3aXswj4HccXGFMnAjScEH, 0x41095cb7df8a9200dda337bc6066344618ad05a4df6150031bfa0360a4c22921, 3031423, 390.0, 2023-03-05 23:02:30, balances, transfer_keep_alive
3031300-2, p8BVfhYtXBZL5cYPvyXx7UaeD3uA8x35hCkhCBtswryKjmzar, 0x83582df10825469903fada21c4a03b84b05c1f599725b6562109ab006d3d1873, 3031300, 2.0, 2023-03-05 22:37:54, balances, transfer_keep_alive
3031248-2, p8CQCFZ1hZpRG4NGhtqKJRMsAaTjtQqC95BLnEXyfLdHsG3wU, 0xef6fcdca66ef3ec01bed682b8557cc5a1f9665a3ec17a7ddeb1f05e9a1e701ff, 3031248, 66.3, 2023-03-05 22:27:30, balances, transfer_keep_alive
3031204-2, p8DRsfSsodJ73tXiUggnaiKXF2D5zHSvk3UbrxQRw5YcGKMbX, 0x0819c12b7c94b049a88d5ad71606d8c53d63053b5a5114e0f1d49132ef284dac, 3031204, 2084.0, 2023-03-05 22:18:42, balances, transfer_keep_alive
3030348-2, p8BmGhes6nN1CANkmKHxKnMy1ncFVphBohbEBpVgkEAtktZ7Y, 0x0a689ce7e06a4919bb3f621a3bb10cf54e9291c45cd200c92cd16128b5566885, 3030348, 1256.38165, 2023-03-05 19:25:06, balances, transfer_keep_alive
3030139-2, p8EUauAV858My5YjyYQw6Yq7jjtDhvWQMup84R29nhHWor7QG, 0x01986bc69a4e2604267fc83d8c1c97f902d4cd0cb1ad3cdc8cf4e90575ca141a, 3030139, 1150.0, 2023-03-05 18:42:06, balances, transfer_keep_alive
3030134-2, p8EUviAPDUzwsC3GXQVwXzedDznKKveYeze46pNqcu9Cxp4WW, 0x28c7ec85b16d7ee352622160ae758f91b3f8a9d747a321ab4aa3a63b789f4d08, 3030134, 290.0, 2023-03-05 18:41:06, balances, transfer_keep_alive
3030130-2, p8DAynfYD6rgmf1c635Fp6iHwWVtLz7kmqBvVjbSNJD1KHwcX, 0xe2d105831e77395bfa90fdc64cc032160592f5c75b203a873dc198ef52f70950, 3030130, 1000.0, 2023-03-05 18:40:18, balances, transfer_keep_alive
3030124-2, p8Cw3aQpA4J9jgdHPUiQuQELGYTYY68jQCzEDjsfj9MqmmYSB, 0x66aa09b861c8080deb459dafe90e507a5897f2570ed6f98e0caa73ae9a88a2d8, 3030124, 880.0, 2023-03-05 18:39:06, balances, transfer_keep_alive
3029189-2, p8EaVeow1jDzUrPxjQnCaNGRdztA27n2KndM3H7Ks4tNb8uLx, 0x67e36de340d176d4a4c05d018271fe3e404346880912b92cb8aa3bd558f66d4c, 3029189, 200.0, 2023-03-05 15:27:30, balances, transfer_keep_alive
3029115-2, p8GbRA3CXpsAQ7susoTK1PYzaraq4kSsv65La2NB8ngR53pow, 0x8ff90142b7f8c65da3df8d3a605557770677348e8c7b0cfae7ec3264f28701a4, 3029115, 17840.0, 2023-03-05 15:12:36, balances, transfer_keep_alive
3028057-2, p8GbW1mid1EdV2igv9dTZBKbdxFTARnfFd4tL7MvK7Jn8U2hu, 0x46140fc4fd242067d7388f0cf0156c6ebb505f91735f3d5b236277eae9d792b0, 3028057, 2449.0, 2023-03-05 11:39:00, balances, transfer_keep_alive
3027364-2, p8DrFPVyrLeUpMd5o86s7JWMA2W31kN63ebb3W7wnRK1CbJzu, 0x1e0969c3f1f923a6b379722ebce9cef9f027a9fa4bce3834215ebcae8961fd99, 3027364, 152.82031, 2023-03-05 09:19:06, balances, transfer_keep_alive
