2258136-2, 41BBza55a8t1HxpqEXs3sifTJ5vhCo3mhB8xKHxVRV4maWdn, 0x46e0d6681e6d07a85d4b349e00f6095b03e74162330730ca7202c60f021ed8f3, 2258136, 0.08, 2023-04-06 01:31:24, balances, transfer_keep_alive
2257901-2, 44RJbWAUs9qDspbwnNbcuVeeTJj6GanDRef3tvxdYU1uJDrR, 0xe511e0d34a12c465e7be56c6e9fac12ac284b38be1080238d89b5faea510d12c, 2257901, 199982.0, 2023-04-06 00:44:00, balances, transfer_keep_alive
2256067-2, 41aikym59Vwd4kYs21Buuc69gu3BsXAstmpaL1zVHLUtaQb4, 0xe88d1bb4868ff4f42a463f03a44cdb922d1f6d206ab9008c66dfc97dd7d5b42f, 2256067, 3120.0, 2023-04-05 18:34:48, balances, transfer_keep_alive
2245005-2, 42FkmTD6Wch85iFkNpjn8vsHFYtCPfLF7jxyHpaoEgYMzfoe, 0x60ea07f28b7c24353d8fdcae81aaa44ba1f596c070787e9f6c206ded8875fb87, 2245005, 26030.0, 2023-04-04 05:29:00, balances, transfer_keep_alive
2240629-2, 45YyWp5YVXUeukmbAhn3NwKfpqDYSpQ89o6Y822GsbwPtsht, 0x0e1db81ecee187b3f08e3afa4d1b78428f6e4110dc1d97fc08a9260d5ab8f58f, 2240629, 48.2, 2023-04-03 14:47:12, balances, transfer_keep_alive
2239372-2, 449o7hZ1gBXfDNrM65fNPeLwMyYAxJJbt3Bwycd5fAydKFng, 0x82032c4ce6e747a7c1197757036377817c1382755fdea1a8db3934c5ee20118b, 2239372, 556.0, 2023-04-03 10:35:06, balances, transfer_keep_alive
2239201-2, 42FkmTD6Wch85iFkNpjn8vsHFYtCPfLF7jxyHpaoEgYMzfoe, 0x96b2704375917c57423d85ae89acf458863968232f80f3beabc918d2ac4c1d2e, 2239201, 15000.0, 2023-04-03 10:00:54, balances, transfer_keep_alive
2238513-2, 457Djeotks2MEaLwpKUXRXFPKGm4jWG3gXgvXG7ghpz3QqKZ, 0xb7ed8b39f5b23ca82bfb3ae845f44d7ddd3e1d30a061160fc0abe73ad104274b, 2238513, 28.0, 2023-04-03 07:43:06, balances, transfer_keep_alive
2233514-2, 42czYCbnWQ9HmcGbCSW422RdZfFKcsEQnxvhhHiV8fMGFQCu, 0x52c928b9ec3870d0a1da0d9c73ff105099f38740c825656644f5075c5d1489a7, 2233514, 2340.0, 2023-04-02 14:57:06, balances, transfer_keep_alive
2231174-2, 42tPeEJn1fE8yXSs7zRx4doBQnPTa6i8EnjzscAmtjpQ21fp, 0x035688c52cb8bfa1632c38667c5c22d578ac04ffcda28c4f22d464265ddb7c82, 2231174, 1.0, 2023-04-02 07:07:24, balances, transfer_keep_alive
2227434-2, 44v1QLVJa59WTfkpi8TSUb91RbjBXKN12WcjQqsdq5Yva1PB, 0xa4bcd5ba0dbd2ca4883387b2f709f3fdfc5ca9b607450c6850276bd7aac7df61, 2227434, 7998.0, 2023-04-01 18:34:30, balances, transfer_keep_alive
2212032-2, 469UtCjgY4whUMuLUuvKvS1uWBnEHox5ndGLdmp2sMsYzBTA, 0x724b00d81f56e75f755ed663bd920af4083662627ada75c7a42c5365fd823ee6, 2212032, 1.5, 2023-03-30 14:47:24, balances, transfer_keep_alive
2207073-2, 42FkmTD6Wch85iFkNpjn8vsHFYtCPfLF7jxyHpaoEgYMzfoe, 0x76b86563095ce87375c9c5ebf4ceddb1aedb318776832dc0e0e3f8519bcb5164, 2207073, 26030.0, 2023-03-29 22:01:06, balances, transfer_keep_alive
2203928-2, 43G4Up17dD8U894WDmTKrqGKFNazSfLtptWVfzv2aTkYoDg7, 0x154cdf260cb06e45ea670f0d84101efc1b65b3abe9899e877e2eb238def499f7, 2203928, 2717.0, 2023-03-29 11:26:54, balances, transfer_keep_alive
2203850-2, 43G4Up17dD8U894WDmTKrqGKFNazSfLtptWVfzv2aTkYoDg7, 0x60ae8584ccf572117cdb081046fe91608aee6adc929de6dcdd6e2e1bfe788a44, 2203850, 30.0, 2023-03-29 11:11:12, balances, transfer_keep_alive
2200477-2, 43UnEvUfrbio8wYowuMGBJJqRaLNSKkDoZbamcXWYSgJz8n6, 0x722a0f905e3eae8fb9fd07b0d3963fa47d3e9163699678a8809d642561a516c0, 2200477, 1716.0, 2023-03-28 23:47:24, balances, transfer_keep_alive
2200266-2, 43UnEvUfrbio8wYowuMGBJJqRaLNSKkDoZbamcXWYSgJz8n6, 0x441ea8f59fd1990fd63c4e609f8ca307f359dbab47387fd8867ef88843e4df9d, 2200266, 30.0, 2023-03-28 23:04:54, balances, transfer_keep_alive
2194732-2, 44y8PdGGH9c45UBZ78GdKVZPFdLi5z9owvi3n2ANPo7so7Dw, 0x26f33b4e61e32491fe08f8b7626467b4110d12a56c8754be9b0e890bd5c6793f, 2194732, 403.0, 2023-03-28 04:26:12, balances, transfer_keep_alive
2194721-2, 44y8PdGGH9c45UBZ78GdKVZPFdLi5z9owvi3n2ANPo7so7Dw, 0xc7ab048a598a6fe9f215f51fd94e3afd02e84f390f15ec44942b6b427c5133ff, 2194721, 403.0, 2023-03-28 04:24:00, balances, transfer_keep_alive
2193688-2, 42FkmTD6Wch85iFkNpjn8vsHFYtCPfLF7jxyHpaoEgYMzfoe, 0xb47e3d0d995ce5d9e3474ef8480e600ba5f715b4b976a15bc68ba85618b9d64c, 2193688, 25994.0, 2023-03-28 00:56:24, balances, transfer_keep_alive
2192193-2, 43y4SbWwFUYyW2jnwDi23QWsopeTdP5P46c7DmV9mNtJiHsG, 0x3583abff10a6d3e1fd041b7d7005d496f97167daba9d9d7405314ee3c8f83e8c, 2192193, 1.0, 2023-03-27 19:55:12, balances, transfer_keep_alive
2178167-2, 43FvBdQDRTKBuBvrc51G49wXNvzZs3yFrxy9WcNo3VY6T7EU, 0x0aea8b1ee68094a77da6a35efd1a005c0816592415c2a81af591063e613bb241, 2178167, 29.0, 2023-03-25 20:36:54, balances, transfer_keep_alive
2170023-2, 46NBuR1R6PdTmjhRJ6wzZVwkkWK7B6pwPa6ymCqdvv5kSc8C, 0x501f101d44a08ff122a7f73b29eb7c57e37298e04ae186fea7ef11dcaa03dfcb, 2170023, 56.0, 2023-03-24 17:08:36, balances, transfer_keep_alive
2170022-2, 467PqCvRC63DddxgdNn91jkBAShKpSiwbjfpKzWVenCGLavX, 0x4e39cfd922429cac3662a67c959fd13168ac11ba07c9d0a6fdacae87a67dcc37, 2170022, 43.0, 2023-03-24 17:08:24, balances, transfer_keep_alive
2170018-2, 45Z9wgdG3B8e2mRZMzXovdJ7nQxd3neHBbxaEnNfRFJ4qmvm, 0x2bc8e5b4f5e4f794c3aed58a9aa11bb8ea45eb436d138a95b5ea9bc208bf36dd, 2170018, 27.0, 2023-03-24 17:07:36, balances, transfer_keep_alive
2169599-2, 45bFuYvSPzT9KBWmkrfkELLH8RYsk5aoPWVpUCjHgU8MrUQh, 0xeac92fe439ad80278bc4b80625d2e6debd8a14610a835aa5ed48ef87d0fc75bd, 2169599, 3.0, 2023-03-24 15:39:42, balances, transfer_keep_alive
2165374-2, 41pBb1E5Rz7YCp87yUSsfc1oghoWaSdpuBDUmUhish5LAdyw, 0xbd4fbf8061264ac4038d59bd4fbe57203c61f5cf3a4cf45ac023938bbdd2ea30, 2165374, 1.0, 2023-03-24 01:29:12, balances, transfer_keep_alive
2163596-2, 42twBu6iYXKeeWaBXhGMX5jviUauuycdivp2gmS9DwS54MeK, 0xae63e2950f1faa01552bc7276c15a68c013a28ba1b965d8267def1bfa9a6c233, 2163596, 160.05, 2023-03-23 19:27:12, balances, transfer_keep_alive
2159206-2, 42FkmTD6Wch85iFkNpjn8vsHFYtCPfLF7jxyHpaoEgYMzfoe, 0x594f396b13815ed977095d601bca4c40c9f0d8df8fb9a733cf517d81de3a80c9, 2159206, 26030.0, 2023-03-23 04:40:06, balances, transfer_keep_alive
2151050-2, 3zwf5NSnZSe8kEFgxwns88CsoZHhNqiM1SGYZDtCtmriwiqm, 0xd24cb64b4688f401e0d94153593049e47e43ef0b1674c7deb51e82b3d8fb3430, 2151050, 1319.0, 2023-03-22 00:59:18, balances, transfer_keep_alive
2150835-2, 3zwf5NSnZSe8kEFgxwns88CsoZHhNqiM1SGYZDtCtmriwiqm, 0x6a73ad36bf12188280c22b4feed4c43ab655396f006b5f672ce95074fad16d6a, 2150835, 5.0, 2023-03-22 00:15:54, balances, transfer_keep_alive
2145314-2, 42FkmTD6Wch85iFkNpjn8vsHFYtCPfLF7jxyHpaoEgYMzfoe, 0x21d2319709b6f418b5d19ebb9ec1d8dae0e40b0949b71dff9d0938f0e21f40e5, 2145314, 26032.0, 2023-03-21 05:39:06, balances, transfer_keep_alive
2144174-2, 41pBb1E5Rz7YCp87yUSsfc1oghoWaSdpuBDUmUhish5LAdyw, 0x083953158482dd30fb5471c6939a51f8736891303cac57610c002710f8f4d9bd, 2144174, 38.0, 2023-03-21 01:49:18, balances, transfer_keep_alive
2144041-2, 3zfckRLbceZVdCN2dQF2gTGkerqjwaj5rNd6TVcbdP6jZ4wH, 0x0e5786de7e629fc0fe5e975880ed32695e8166888b988beabfb96a0e74fe113b, 2144041, 10.0, 2023-03-21 01:22:06, balances, transfer_keep_alive
2143851-2, 3zthHrvUK7WHGeyeVYQAiuizjvCeeaXqLx16rTWcEu5EH7vG, 0x741037252b66801a3233a41f95a0ba272299c7434f7950e5c796df990eb1226a, 2143851, 200.0, 2023-03-21 00:43:36, balances, transfer_keep_alive
2143776-2, 3zthHrvUK7WHGeyeVYQAiuizjvCeeaXqLx16rTWcEu5EH7vG, 0x632755681386becb5cd08922293d3457d6c86f96c62447da097f8c22a17e92f8, 2143776, 40.0, 2023-03-21 00:28:30, balances, transfer_keep_alive
2141516-2, 425Bu2cdYARjDM1hkTYvsXxEFiwK4HzWb5PXo1d2bvKVHcw6, 0xe6c93dd511764c2f55c5ffa009ad0282651566327bb7428d78123e94218bc721, 2141516, 53.0, 2023-03-20 16:50:54, balances, transfer_keep_alive
2134602-2, 437Q6w16M9jgU1wr41YEQ5gijikZNYcqqnuSj8oxofxbp5cw, 0x45b20410dd758c0f243c276741c98fbff6ab0a248f9ff1e80391500f50385597, 2134602, 0.03, 2023-03-19 17:33:06, balances, transfer_keep_alive
2130569-2, 44emJfCqyEKbLKAE6N49SWuom2DjpNsWDjSr5hts2Gfaa3wD, 0x967d22d25126e8b536f2843edf6acd77d1e5f6361f2050a28cc598b4d2ab356f, 2130569, 2380.0, 2023-03-19 03:50:24, balances, transfer_keep_alive
2130565-2, 44emJfCqyEKbLKAE6N49SWuom2DjpNsWDjSr5hts2Gfaa3wD, 0x95358d18d5eea7c9bc854ad56cbc3d380864b02b2a854788ad293e36f31aba1c, 2130565, 2590.0, 2023-03-19 03:49:36, balances, transfer_keep_alive
2130554-2, 44emJfCqyEKbLKAE6N49SWuom2DjpNsWDjSr5hts2Gfaa3wD, 0x92612e5e1612f6f65a2b273097f06d126a40a4f1c70c35c702d2bd61ed318fc4, 2130554, 0.0, 2023-03-19 03:47:18, balances, transfer_keep_alive
2128069-2, 437Q6w16M9jgU1wr41YEQ5gijikZNYcqqnuSj8oxofxbp5cw, 0x4ddf45f15e77ad8e95741ebcc95c1ca98533c61658165954699eae2bb42169bb, 2128069, 90.0, 2023-03-18 19:17:00, balances, transfer_keep_alive
2123981-2, 422GhcYTiHGLD8M5p5n4bXPXdNphy1gGeocuJEcgtuLpyFV5, 0x6367fdaacc04d959ef37400be97a9e4072260caa8c365dee42a2d317530b8b78, 2123981, 2.0, 2023-03-18 05:32:24, balances, transfer_keep_alive
2123924-2, 422GhcYTiHGLD8M5p5n4bXPXdNphy1gGeocuJEcgtuLpyFV5, 0x7c69bb11beee9ce85c3adb15639ef41867a13fd2aeaa5d799b95f3c09298d65b, 2123924, 315.0, 2023-03-18 05:21:00, balances, transfer_keep_alive
2114411-2, 42ZygNgXwGMwShC7mG8SCJbQcEwnCowhFne7B3GuUvbyUM3w, 0x6bba66e3cdb9b21d0bd8309b26c0fa7b037ec73043275efa2ff3f561d194b659, 2114411, 2639.99, 2023-03-16 21:02:54, balances, transfer_keep_alive
2107858-2, 42FkmTD6Wch85iFkNpjn8vsHFYtCPfLF7jxyHpaoEgYMzfoe, 0x7850b939c2ae510d6d111ee93f1690e8cbde5a969f71c630fcd29ee6f1655407, 2107858, 26030.0, 2023-03-15 22:40:54, balances, transfer_keep_alive
2107218-2, 42FkmTD6Wch85iFkNpjn8vsHFYtCPfLF7jxyHpaoEgYMzfoe, 0xe128e60b763e5226affbf6b721e488620ec309c2c7e043952704f60d4dc56fa9, 2107218, 26026.0, 2023-03-15 20:28:18, balances, transfer_keep_alive
2105784-2, 42FkmTD6Wch85iFkNpjn8vsHFYtCPfLF7jxyHpaoEgYMzfoe, 0x0f52b9ffd244694816b40c6d39d41fef2968e9d5983ec77ddecb8515038fa800, 2105784, 39843.0, 2023-03-15 15:28:00, balances, transfer_keep_alive
2102104-2, 42FkmTD6Wch85iFkNpjn8vsHFYtCPfLF7jxyHpaoEgYMzfoe, 0x4a2bdb9b64b1400fe6cd878bef37a5a8657b739585583ca78c9a41b366c8630f, 2102104, 40189.0, 2023-03-15 02:58:00, balances, transfer_keep_alive
2101685-2, 45J59wwjx6g2M85uNnN8LXzqpTAmAxuJKQqA2Hd8KADBkvLS, 0xcd458ec9102211e21ec2e6a74995bafdc4899d78da71b42f7e18ae9582ea9e44, 2101685, 1.2, 2023-03-15 01:32:54, balances, transfer_keep_alive
2101259-2, 45J59wwjx6g2M85uNnN8LXzqpTAmAxuJKQqA2Hd8KADBkvLS, 0xa79d8f11dba0df72c41fecc50d39e60576e1baab311754af338b34f89ba83285, 2101259, 1.0, 2023-03-15 00:06:30, balances, transfer_keep_alive
2098719-2, 42hohnAKHtsKCvUSU6WbURAUgvFYZ7qDyxYzjT3HEZU16RJV, 0xd28c37f6a5cd6be79049b5a19b8b146c6708f7f25ac20301388b786a6f22d100, 2098719, 79.9, 2023-03-14 15:34:06, balances, transfer_keep_alive
2098613-2, 42hohnAKHtsKCvUSU6WbURAUgvFYZ7qDyxYzjT3HEZU16RJV, 0xec0db20021aaf6c0fb6d8b6a9a91931b9ec222bb43ad19c812913898deaca769, 2098613, 80.0, 2023-03-14 15:12:30, balances, transfer_keep_alive
2095057-2, 3zoiPZfrzagJGoqTX68AqA1HHVqXuczPPfmXqXRRhg2qvBjL, 0xb3aceaa39bf715c55f5f13fdc7e6c63c93b5f55ad09e6814588201afb188b10a, 2095057, 109.7, 2023-03-14 03:14:18, balances, transfer_keep_alive
2092925-2, 42FkmTD6Wch85iFkNpjn8vsHFYtCPfLF7jxyHpaoEgYMzfoe, 0x450d6ca1b2e0d624afbeec9a221d9b5c24e354b6ae5ac3a58ec2b6f4c034a4ed, 2092925, 40193.0, 2023-03-13 19:55:00, balances, transfer_keep_alive
2088845-2, 45QzzZgPy2UHHP1TTrZQ4bimHNMNajR72fr82vKJVTGe1tsx, 0xf474310dcbf82a832b66bba98ff911d479d0ebbf3baa8edb1280ec3e4b0bf975, 2088845, 17886.0, 2023-03-13 02:47:14, balances, transfer_keep_alive
2077225-2, 45YyWp5YVXUeukmbAhn3NwKfpqDYSpQ89o6Y822GsbwPtsht, 0xd3c0c70d811164f8d249407fa1927ec73447b3f9c72e480bdd51e3380f2432a0, 2077225, 93.3, 2023-03-10 22:10:30, balances, transfer_keep_alive
2076523-2, 41fFsAPh6HDRQKQ2wXrq6nhr8vceDFkjUCTLHEE8Pdp5ji71, 0xf8d1cb930a9992be1a14679bd61a6c63c4df22157347c0a376247286663dd29b, 2076523, 5.0, 2023-03-10 19:46:30, balances, transfer_keep_alive
2076516-2, 41fFsAPh6HDRQKQ2wXrq6nhr8vceDFkjUCTLHEE8Pdp5ji71, 0x37b4f16e431e190be6549b6c05f81b626e7e958f3492cf0ae23591bc3c5d1c07, 2076516, 9.0, 2023-03-10 19:45:06, balances, transfer_keep_alive
2076264-2, 43nUWYjwVeYPi7E3cjT8HaaHbxbk53cCAB2ErDVWvriDU18u, 0xc559d33078aa751aaaa5c39a877a85db62eaeff7223753f713ed12311beb67a7, 2076264, 25.0, 2023-03-10 18:53:24, balances, transfer_keep_alive
2076069-2, 45QzzZgPy2UHHP1TTrZQ4bimHNMNajR72fr82vKJVTGe1tsx, 0x4a18fa723554202a61c310a4b7328c456352d323a21df0db9ef9508758dc1e12, 2076069, 277.0, 2023-03-10 18:13:24, balances, transfer_keep_alive
2074745-2, 3zd1PQU3yyUV6Vx3m7BRYhMiAV2ksGmUz7Pr94GBvxNhLvYD, 0x3b41e4db4eda5a5c3296a82c10e85665223c744c2a23239c7cfde13af628de0a, 2074745, 300.0, 2023-03-10 13:40:30, balances, transfer_keep_alive
2074709-2, 3zd1PQU3yyUV6Vx3m7BRYhMiAV2ksGmUz7Pr94GBvxNhLvYD, 0xd0a3d8ba185269427d59f302ce1c982738762f4f40fdf4cf656c281a298848ee, 2074709, 3.0, 2023-03-10 13:33:06, balances, transfer_keep_alive
2064439-2, 43MEewzwPfFpTosCGNQPE53dJDSztpqAbK9nDrKGvhko9B5R, 0x967182abc359593533856999f6481170b575ba5883e80e78f5a4f1aad4da2c5f, 2064439, 814.0, 2023-03-09 02:42:54, balances, transfer_keep_alive
2061874-2, 42uDLw4LAgZueDSZtdNGjpkLMahW2xUURrtkSN2bqRjCQMSP, 0x57ebcbcd499181417408afc03da70be72bac7ad93e8b6a0b2c4f9ed06b4ebdd2, 2061874, 190.0, 2023-03-08 18:01:30, balances, transfer_keep_alive
2054815-2, 42iT6whLuSeWxqhXTYDiCyKqWwqNGWhWWmUS4Fdt4Ujnr21y, 0x1fdea9c44433cc7a9a8db02e1c9de97174a65df9b9d0e0ebd202f30c6a91b437, 2054815, 120.0, 2023-03-07 18:16:54, balances, transfer_keep_alive
2048852-2, 45WTDW5p5i8xKch9eYCXLgywWkeMGs7wGSmncnJUARp2FSpM, 0x528404d6d08808a930184aac539598c376d4b37af27ccfbf9142ea98ce9bbcc7, 2048852, 220.0, 2023-03-06 22:16:42, balances, transfer_keep_alive
2048087-2, 42FkmTD6Wch85iFkNpjn8vsHFYtCPfLF7jxyHpaoEgYMzfoe, 0x72e8167146a25a2255187fc6b6c59c5f8b7f2729f5afbdae950eb997970d1d54, 2048087, 1.1, 2023-03-06 19:43:36, balances, transfer_keep_alive
